age,num_occupants,cash_inflow,avg_bank_balance,bill_payment_consistency,bnpl_used,bnpl ratio,rent_amount,location_type,education_level,income_type,grade_or_cgpa,housing_type,age_to_employment_ratio,credit_score,loan_decision,expected_credit_score
39,5,75664,3997,1.0,False,0.56,31135,Rural,PhD,Informal,7.6,Rented,0.23,595.0,Rejected,
28,5,53412,20920,1.0,True,0.97,18794,Semi-Urban,12th,Informal,9.2,Pg,0.38,532.5,Rejected,
22,4,15590,29932,0.4,True,0.67,9790,Rural,PostGraduate,Informal,7.2,Pg,0.89,480.0,Rejected,
36,2,19285,3602,1.0,False,0.59,37246,Rural,PostGraduate,Gig,8.4,Owned,0.5,655.0,Review,
48,1,63078,6603,0.4,True,0.71,35384,Semi-Urban,12th,Gig,5.1,Owned,0.39,465.0,Rejected,
27,4,57410,20235,1.0,False,0.86,6210,Rural,Graduate,Salaried,8.5,Owned,0.72,760.0,Approved,
29,1,61093,28267,1.0,True,0.27,19738,Urban,PhD,Gig,7.6,Rented,0.75,655.0,Review,
34,4,75208,26254,1.0,True,0.65,29796,Rural,Diploma,Salaried,8.2,Pg,0.51,632.5,Review,
48,1,85165,2746,1.0,False,0.88,8188,Rural,PostGraduate,Gig,7.9,Pg,0.53,642.5,Review,
30,3,60394,4658,0.7,False,0.51,15038,Semi-Urban,PostGraduate,Informal,7.3,Pg,0.32,600.0,Review,
46,2,94297,26606,0.4,False,0.3,27266,Rural,Diploma,Salaried,8.9,Rented,0.89,630.0,Review,
58,4,57656,14444,1.0,False,0.48,35293,Rural,PostGraduate,Informal,9.2,Rented,0.26,612.5,Review,
32,4,48305,29492,0.7,False,0.49,30850,Semi-Urban,PostGraduate,Informal,5.1,Pg,0.38,542.5,Rejected,
35,1,90199,16331,1.0,False,0.01,39364,Semi-Urban,12th,Salaried,9.4,Pg,0.56,692.5,Review,
44,4,47191,21144,0.7,True,0.43,28949,Urban,Diploma,Informal,8.3,Owned,0.2,545.0,Rejected,
40,2,53972,21063,1.0,True,0.32,22300,Urban,12th,Gig,7.3,Rented,0.33,612.5,Review,
29,5,31130,1504,1.0,False,0.9,23645,Semi-Urban,12th,Gig,8.3,Pg,0.51,530.0,Rejected,
30,4,92818,6771,0.7,True,0.25,26563,Urban,12th,Salaried,9.2,Pg,0.29,565.0,Rejected,
21,1,72503,20564,0.7,True,0.21,19073,Rural,PostGraduate,Informal,5.6,Rented,0.8,582.5,Rejected,
23,6,31056,4127,1.0,True,0.61,17375,Rural,Diploma,Gig,8.8,Owned,0.89,572.5,Rejected,
47,4,16340,2054,0.0,False,0.04,9219,Urban,PhD,Salaried,9.6,Rented,0.48,532.5,Rejected,
49,3,83985,15354,1.0,False,0.28,20615,Semi-Urban,PostGraduate,Gig,7.6,Rented,0.62,705.0,Approved,
58,1,39523,11779,0.4,False,0.21,38596,Urban,Diploma,Gig,5.7,Rented,0.22,537.5,Rejected,
40,2,98993,17741,0.7,True,0.76,14659,Rural,Graduate,Informal,9.8,Rented,0.51,597.5,Rejected,
25,2,98274,3354,0.4,True,0.16,26596,Urban,Graduate,Salaried,7.9,Rented,0.25,515.0,Rejected,
59,3,33316,9748,0.4,False,0.37,30707,Rural,Diploma,Informal,9.1,Rented,0.47,525.0,Rejected,
44,1,25574,10271,1.0,True,0.07,25002,Semi-Urban,PhD,Gig,7.2,Rented,0.38,572.5,Rejected,
58,2,16523,22109,0.4,False,0.07,30453,Rural,Graduate,Informal,8.3,Owned,0.52,552.5,Rejected,
56,6,61435,16695,0.7,False,0.6,33485,Semi-Urban,12th,Salaried,9.8,Rented,0.61,600.0,Review,
25,3,41428,14574,1.0,False,0.55,8661,Urban,Diploma,Salaried,6.4,Owned,0.23,745.0,Approved,
29,5,83283,25770,0.4,False,0.31,19158,Urban,PhD,Gig,6.4,Pg,0.87,617.5,Review,
43,1,52987,3010,0.7,True,0.25,21611,Rural,Graduate,Informal,6.2,Rented,0.49,550.0,Rejected,
29,1,88585,21785,0.7,True,0.87,38535,Urban,PostGraduate,Salaried,9.0,Rented,0.79,622.5,Review,
33,2,33503,4499,1.0,False,0.94,24208,Semi-Urban,12th,Gig,9.4,Owned,0.48,630.0,Review,
56,2,60088,3384,0.4,False,1.0,38497,Semi-Urban,12th,Salaried,7.2,Rented,0.46,535.0,Rejected,
58,4,36407,29922,0.0,True,0.66,19388,Rural,Diploma,Informal,9.5,Pg,0.68,420.0,Rejected,
28,6,74947,20921,0.2,False,0.96,23845,Urban,PhD,Informal,7.5,Pg,0.9,550.0,Rejected,
49,3,48060,1073,0.7,True,0.77,11955,Semi-Urban,Diploma,Salaried,6.0,Owned,0.36,565.0,Rejected,
41,6,78721,27861,0.7,False,0.08,15145,Urban,Diploma,Informal,6.9,Rented,0.62,662.5,Review,
24,5,20086,11440,1.0,True,0.81,15665,Urban,PhD,Gig,9.4,Pg,0.66,565.0,Rejected,
60,1,58474,26589,0.7,False,0.05,21071,Rural,Graduate,Salaried,9.3,Rented,0.86,675.0,Review,
48,3,73989,1063,1.0,False,0.01,5396,Semi-Urban,12th,Salaried,7.9,Owned,0.54,672.5,Review,
52,5,74289,26422,0.2,True,0.55,28428,Rural,PhD,Informal,6.5,Rented,0.51,460.0,Rejected,
39,1,89046,28607,0.7,True,0.59,24990,Semi-Urban,Graduate,Gig,8.6,Pg,0.74,575.0,Rejected,
44,5,84468,1335,1.0,False,0.85,32536,Urban,Graduate,Informal,9.8,Pg,0.77,610.0,Review,
36,1,56525,14296,0.7,True,0.17,23158,Rural,PostGraduate,Informal,6.8,Rented,0.79,595.0,Rejected,
58,4,23785,19016,0.4,False,0.31,21593,Urban,Graduate,Informal,6.1,Pg,0.34,525.0,Rejected,
37,5,18853,21304,0.2,False,0.87,28769,Semi-Urban,Graduate,Salaried,9.4,Pg,0.84,537.5,Rejected,
45,2,94714,8420,1.0,False,0.21,39884,Rural,Graduate,Gig,6.6,Owned,0.32,635.0,Review,
23,4,28441,24115,0.4,True,0.05,18509,Rural,Diploma,Gig,9.6,Pg,0.9,500.0,Rejected,
29,3,72825,867,1.0,True,0.82,38562,Semi-Urban,12th,Gig,6.2,Rented,0.48,462.5,Rejected,
31,1,33023,12495,1.0,True,0.23,39103,Semi-Urban,Graduate,Salaried,8.0,Pg,0.58,627.5,Review,
60,3,91428,28877,0.4,False,0.46,30525,Rural,PhD,Informal,7.2,Pg,0.43,562.5,Rejected,
34,6,92429,13677,0.4,True,0.45,23985,Rural,PhD,Gig,8.6,Pg,0.38,507.5,Rejected,
52,6,65493,16742,1.0,True,0.61,6617,Semi-Urban,12th,Informal,8.5,Rented,0.38,590.0,Rejected,
33,6,46851,13597,0.7,False,0.58,27449,Semi-Urban,Graduate,Gig,6.7,Owned,0.83,587.5,Rejected,
29,2,97840,25553,1.0,False,0.99,25051,Semi-Urban,12th,Gig,6.5,Rented,0.36,637.5,Review,
45,5,82096,25212,1.0,True,0.25,30331,Urban,PostGraduate,Gig,5.9,Pg,0.59,602.5,Review,
38,1,68830,2485,0.2,True,0.41,15608,Urban,Diploma,Informal,8.4,Rented,0.61,512.5,Rejected,
26,4,96897,29319,0.2,False,0.77,29430,Semi-Urban,Diploma,Gig,7.7,Pg,0.34,517.5,Rejected,
28,5,58524,1961,0.4,True,0.79,20073,Urban,12th,Informal,5.5,Rented,0.37,417.5,Rejected,
33,4,36892,17763,1.0,False,0.37,25463,Urban,Graduate,Gig,9.7,Owned,0.61,660.0,Review,
23,1,91859,4716,1.0,True,0.39,23053,Rural,Diploma,Informal,8.9,Pg,0.85,610.0,Review,
49,2,25102,11385,0.4,True,0.16,30206,Semi-Urban,12th,Salaried,6.9,Owned,0.79,555.0,Rejected,
58,1,98492,24865,0.7,False,0.6,33071,Urban,Graduate,Salaried,7.0,Rented,0.75,690.0,Review,
39,3,26989,23647,1.0,True,0.22,20553,Rural,12th,Salaried,7.0,Pg,0.42,602.5,Review,
34,3,42939,27640,0.4,True,0.41,14686,Semi-Urban,12th,Gig,6.5,Rented,0.23,495.0,Rejected,
40,1,39039,3510,0.0,False,0.37,33853,Urban,PostGraduate,Salaried,6.8,Rented,0.61,517.5,Rejected,
36,3,56062,22331,0.4,False,0.02,13937,Semi-Urban,Graduate,Informal,9.6,Rented,0.43,600.0,Review,
26,3,82877,3690,1.0,True,0.05,8677,Rural,12th,Informal,9.4,Pg,0.29,562.5,Rejected,
59,4,77682,28335,0.7,True,0.55,35642,Rural,Graduate,Salaried,5.7,Rented,0.36,572.5,Rejected,
26,5,17072,25288,0.4,True,0.85,5574,Rural,12th,Salaried,9.3,Rented,0.88,512.5,Rejected,
22,4,17719,18300,0.7,True,0.5,20541,Urban,12th,Gig,8.0,Pg,0.8,527.5,Rejected,
44,3,44367,12811,0.2,False,0.38,22949,Urban,PhD,Informal,7.1,Pg,0.77,525.0,Rejected,
36,4,64541,28973,1.0,True,0.23,34186,Semi-Urban,PostGraduate,Gig,6.0,Pg,0.55,575.0,Rejected,
43,4,29952,14167,0.7,True,0.04,8369,Semi-Urban,Graduate,Informal,6.9,Pg,0.45,567.5,Rejected,
57,3,71967,3234,1.0,False,0.05,10584,Semi-Urban,Diploma,Salaried,8.8,Rented,0.71,685.0,Review,
23,2,41024,2120,0.7,True,0.27,24817,Urban,Graduate,Salaried,6.0,Owned,0.44,582.5,Rejected,
30,1,49267,7887,0.2,True,0.56,10294,Urban,PostGraduate,Gig,6.1,Owned,0.71,567.5,Rejected,
27,1,51514,12360,0.7,True,0.7,11993,Semi-Urban,Graduate,Informal,10.0,Rented,0.53,597.5,Rejected,
40,3,36757,5216,1.0,False,0.16,21708,Rural,Diploma,Informal,8.3,Pg,0.27,600.0,Review,
25,4,92305,1058,1.0,True,0.02,18974,Semi-Urban,12th,Gig,6.6,Rented,0.28,562.5,Rejected,
37,1,98980,14616,0.2,False,0.55,23809,Rural,Diploma,Gig,9.7,Owned,0.64,612.5,Review,
57,1,21612,21109,1.0,True,0.49,7591,Semi-Urban,Diploma,Gig,8.9,Pg,0.36,610.0,Review,
44,2,99593,2249,0.4,False,0.89,10972,Urban,Graduate,Gig,7.2,Pg,0.33,552.5,Rejected,
31,3,73869,10363,0.7,False,0.43,16727,Urban,Diploma,Informal,8.7,Rented,0.32,645.0,Review,
55,2,91437,10994,1.0,False,0.32,9720,Semi-Urban,PhD,Gig,9.8,Pg,0.34,700.0,Approved,
21,4,24533,4068,1.0,True,0.79,12646,Semi-Urban,Graduate,Gig,9.0,Pg,0.4,555.0,Rejected,
48,3,69490,19619,0.7,False,0.71,12238,Semi-Urban,Graduate,Salaried,5.9,Rented,0.84,700.0,Approved,
42,6,52482,23603,1.0,True,0.87,14461,Rural,PhD,Gig,7.5,Rented,0.59,560.0,Rejected,
28,2,64174,7238,0.7,True,0.99,17811,Rural,Diploma,Gig,7.0,Owned,0.55,555.0,Rejected,
43,3,67312,12132,0.7,False,0.26,32228,Urban,Graduate,Gig,5.1,Pg,0.44,622.5,Review,
43,1,90737,16587,0.7,True,0.63,37129,Urban,Graduate,Salaried,6.0,Pg,0.41,615.0,Review,
46,2,89956,27277,0.7,True,0.63,17385,Semi-Urban,Graduate,Gig,8.5,Rented,0.62,612.5,Review,
55,1,79669,11479,0.7,True,0.12,27534,Urban,Graduate,Informal,9.4,Owned,0.26,595.0,Rejected,
60,3,55677,21101,1.0,True,0.82,39914,Rural,12th,Informal,8.6,Rented,0.37,507.5,Rejected,
45,1,73600,17120,0.4,True,0.62,9356,Urban,12th,Gig,5.2,Rented,0.38,540.0,Rejected,
22,3,85716,17320,0.2,False,0.08,18908,Urban,PhD,Gig,6.5,Pg,0.73,600.0,Review,
28,6,49465,23831,0.7,True,0.6,16618,Urban,PostGraduate,Informal,5.9,Owned,0.8,567.5,Rejected,
41,1,63430,16831,0.7,False,0.97,30193,Urban,12th,Informal,6.9,Pg,0.86,637.5,Review,
55,5,78132,10764,1.0,True,0.38,14420,Urban,Graduate,Informal,7.8,Rented,0.6,667.5,Review,
50,6,31056,11422,1.0,False,0.16,8699,Urban,Diploma,Salaried,9.1,Pg,0.68,710.0,Approved,
54,2,27046,24542,1.0,True,0.83,20165,Urban,Diploma,Gig,9.2,Pg,0.47,562.5,Rejected,
46,5,60293,23206,0.7,False,0.55,22846,Rural,PostGraduate,Gig,9.0,Rented,0.85,622.5,Review,
48,3,43383,8120,0.7,True,0.19,33053,Rural,Graduate,Gig,6.2,Owned,0.85,560.0,Rejected,
30,2,41376,26119,1.0,True,0.74,15839,Rural,12th,Gig,7.4,Pg,0.65,607.5,Review,
38,5,65091,29629,0.7,False,0.72,34151,Rural,Diploma,Salaried,9.1,Pg,0.43,597.5,Rejected,
39,6,42347,25687,1.0,False,0.88,17596,Urban,12th,Gig,9.7,Rented,0.29,627.5,Review,
50,3,47762,11026,0.7,False,0.0,30592,Urban,Graduate,Salaried,5.6,Rented,0.48,625.0,Review,
58,2,27851,26168,0.4,True,0.25,37973,Semi-Urban,Diploma,Gig,9.7,Owned,0.46,512.5,Rejected,
50,2,30263,6573,1.0,False,0.47,14356,Semi-Urban,PostGraduate,Informal,5.7,Rented,0.53,652.5,Review,
32,4,74177,1300,1.0,False,0.18,35643,Urban,Graduate,Informal,7.1,Pg,0.29,592.5,Rejected,
50,2,63526,29243,0.4,False,0.72,6381,Rural,Graduate,Gig,7.9,Rented,0.56,612.5,Review,
52,6,59351,8618,1.0,True,0.79,5692,Semi-Urban,PhD,Informal,5.0,Pg,0.87,620.0,Review,
31,5,88750,21820,0.4,False,0.27,17543,Urban,PostGraduate,Salaried,6.6,Rented,0.83,657.5,Review,
25,1,42398,15391,0.4,True,0.01,26706,Semi-Urban,PostGraduate,Informal,9.6,Owned,0.22,510.0,Rejected,
46,1,35756,23758,1.0,False,0.22,14037,Urban,Graduate,Salaried,8.8,Rented,0.7,735.0,Approved,
41,4,37501,16994,0.7,True,0.01,30517,Semi-Urban,12th,Informal,8.3,Pg,0.86,532.5,Rejected,
60,3,59952,22040,0.2,True,0.36,30996,Rural,Graduate,Gig,9.1,Pg,0.49,455.0,Rejected,
52,5,88292,21182,0.2,False,0.94,11843,Semi-Urban,PhD,Salaried,9.1,Owned,0.78,640.0,Review,
56,3,20956,14678,0.7,True,0.81,35927,Semi-Urban,PhD,Gig,6.9,Rented,0.56,490.0,Rejected,
46,5,97438,12064,0.7,True,0.28,39820,Semi-Urban,Graduate,Gig,7.6,Pg,0.22,540.0,Rejected,
26,6,62753,3644,1.0,True,0.38,15328,Semi-Urban,Diploma,Informal,5.7,Pg,0.64,622.5,Review,
45,6,22050,19872,0.2,False,0.01,24874,Rural,Diploma,Gig,7.5,Rented,0.8,497.5,Rejected,
56,3,41718,938,0.4,True,0.8,29743,Urban,PostGraduate,Salaried,6.0,Pg,0.77,455.0,Rejected,
55,1,79143,11242,0.7,False,0.9,18856,Semi-Urban,12th,Salaried,5.1,Rented,0.34,670.0,Review,
51,2,80340,25521,0.4,True,0.72,8529,Semi-Urban,PhD,Informal,6.4,Pg,0.58,552.5,Rejected,
25,5,18605,5913,0.2,False,0.16,16310,Semi-Urban,12th,Informal,8.1,Pg,0.5,470.0,Rejected,
49,4,63071,18515,1.0,True,0.41,29478,Rural,Diploma,Gig,7.4,Pg,0.74,627.5,Review,
34,5,38053,9158,0.2,False,0.23,5346,Rural,PhD,Gig,9.7,Pg,0.21,555.0,Rejected,
23,5,54727,12375,0.2,False,0.26,20325,Urban,12th,Informal,5.9,Owned,0.27,522.5,Rejected,
23,6,47904,23474,1.0,True,0.87,23882,Rural,12th,Informal,7.8,Rented,0.48,547.5,Rejected,
35,1,20154,6760,0.7,False,0.1,30216,Rural,12th,Salaried,5.1,Owned,0.89,640.0,Review,
46,3,57443,23195,1.0,True,0.64,12437,Rural,Diploma,Informal,7.6,Rented,0.31,615.0,Review,
21,3,59545,5917,0.7,False,0.67,24728,Rural,12th,Salaried,5.4,Owned,0.23,605.0,Review,
53,1,42360,11862,0.7,True,0.37,28467,Semi-Urban,Graduate,Informal,9.2,Owned,0.22,542.5,Rejected,
48,2,70569,12535,1.0,False,0.97,11491,Urban,Graduate,Informal,9.1,Rented,0.8,732.5,Approved,
29,1,45553,10052,1.0,True,0.95,39568,Semi-Urban,Diploma,Informal,6.1,Rented,0.5,547.5,Rejected,
21,2,74713,13608,0.2,False,0.15,6093,Rural,Graduate,Salaried,9.5,Owned,0.29,622.5,Review,
33,6,55877,5554,0.7,True,0.39,20273,Semi-Urban,PostGraduate,Gig,6.0,Pg,0.33,510.0,Rejected,
40,5,36574,3843,1.0,False,0.98,31301,Rural,PostGraduate,Gig,5.8,Owned,0.52,605.0,Review,
51,5,42824,13654,0.7,False,0.67,19971,Rural,Diploma,Informal,5.4,Rented,0.67,610.0,Review,
27,4,65177,28350,1.0,True,0.08,29322,Rural,Graduate,Gig,5.8,Rented,0.55,612.5,Review,
37,1,78282,23368,0.2,False,0.02,14312,Urban,Graduate,Salaried,8.9,Owned,0.9,667.5,Review,
37,2,91914,20321,1.0,False,0.52,23494,Urban,PostGraduate,Gig,6.6,Owned,0.35,680.0,Review,
60,6,50879,7010,1.0,False,0.43,38890,Semi-Urban,Graduate,Salaried,5.0,Owned,0.66,672.5,Review,
52,5,19806,26454,1.0,True,0.7,14110,Rural,PostGraduate,Informal,8.1,Owned,0.61,585.0,Rejected,
37,4,50463,1813,1.0,False,0.31,11141,Urban,Diploma,Gig,9.0,Rented,0.39,630.0,Review,
26,1,50516,22265,0.7,True,0.85,17849,Urban,PhD,Salaried,6.7,Rented,0.77,610.0,Review,
56,4,92842,13554,1.0,True,0.11,5743,Semi-Urban,Diploma,Gig,8.3,Rented,0.81,665.0,Review,
40,5,60444,29426,0.4,False,0.01,16544,Urban,PhD,Informal,9.5,Rented,0.74,592.5,Rejected,
33,2,62396,20837,0.7,True,0.35,15571,Semi-Urban,12th,Salaried,8.0,Owned,0.37,645.0,Review,
23,5,47143,26446,1.0,True,0.67,8373,Semi-Urban,Graduate,Informal,5.3,Rented,0.56,617.5,Review,
45,2,48621,17326,0.2,False,0.74,5977,Urban,Graduate,Informal,6.2,Owned,0.68,627.5,Review,
21,3,68885,29966,0.7,True,0.98,14377,Rural,12th,Gig,7.5,Rented,0.66,567.5,Rejected,
30,4,99950,7029,1.0,False,0.83,5745,Rural,Diploma,Gig,8.7,Rented,0.89,675.0,Review,
41,3,71057,3440,0.2,True,0.02,29212,Rural,Diploma,Salaried,6.8,Pg,0.29,457.5,Rejected,
26,5,96187,6385,0.7,True,0.93,30441,Semi-Urban,Diploma,Gig,5.6,Rented,0.82,500.0,Rejected,
31,4,89331,23477,0.0,False,0.29,18853,Rural,PhD,Salaried,9.3,Pg,0.57,592.5,Rejected,
45,6,51367,3791,0.7,True,0.21,11040,Rural,12th,Gig,9.6,Rented,0.45,550.0,Rejected,
40,5,84778,10972,1.0,True,0.71,25245,Rural,PostGraduate,Salaried,9.3,Rented,0.87,647.5,Review,
45,6,44885,11739,1.0,True,0.62,37449,Urban,Graduate,Salaried,6.6,Rented,0.48,597.5,Rejected,
41,2,66648,667,1.0,True,0.86,28829,Semi-Urban,12th,Salaried,9.2,Rented,0.5,552.5,Rejected,
49,3,47063,6995,0.7,True,0.74,12173,Semi-Urban,PostGraduate,Salaried,8.2,Owned,0.68,630.0,Review,
44,6,47824,10400,0.7,True,0.17,26289,Semi-Urban,PhD,Informal,6.6,Owned,0.77,547.5,Rejected,
49,2,28873,17316,1.0,True,0.8,12230,Urban,PhD,Salaried,7.0,Pg,0.87,655.0,Review,
50,4,53234,24974,1.0,False,0.15,21751,Urban,12th,Gig,8.9,Owned,0.67,685.0,Review,
53,6,82418,1963,0.4,False,0.44,32907,Semi-Urban,12th,Salaried,8.0,Rented,0.33,502.5,Rejected,
60,3,39929,6872,0.4,True,0.59,35454,Semi-Urban,PhD,Gig,5.1,Owned,0.29,452.5,Rejected,
45,1,42896,5343,0.7,True,0.9,12164,Urban,PostGraduate,Salaried,6.3,Pg,0.21,580.0,Rejected,
21,6,84095,27363,0.2,True,0.17,26072,Rural,Graduate,Salaried,7.7,Rented,0.82,535.0,Rejected,
56,6,21257,4487,1.0,False,0.47,27114,Urban,Diploma,Salaried,5.7,Owned,0.41,672.5,Review,
36,2,66755,896,1.0,False,0.49,11817,Rural,Diploma,Salaried,9.4,Pg,0.46,682.5,Review,
46,1,78472,8094,0.2,True,0.69,18091,Urban,12th,Gig,5.5,Pg,0.37,510.0,Rejected,
55,6,32002,9069,0.2,False,0.11,23912,Rural,PostGraduate,Salaried,9.6,Owned,0.74,565.0,Rejected,
53,4,75223,4083,0.7,True,0.44,14410,Rural,PhD,Informal,6.9,Pg,0.21,560.0,Rejected,
30,6,84019,4554,0.4,True,0.82,29938,Rural,PhD,Gig,8.6,Pg,0.44,452.5,Rejected,
35,2,50905,1893,1.0,False,0.06,13006,Rural,12th,Informal,6.3,Pg,0.39,577.5,Rejected,
37,5,40576,26675,0.4,False,0.32,16179,Semi-Urban,Graduate,Informal,8.2,Pg,0.63,565.0,Rejected,
36,2,55367,20521,1.0,False,0.61,28604,Urban,PhD,Salaried,8.5,Pg,0.57,695.0,Review,
54,6,72036,28773,1.0,False,0.7,25514,Urban,PostGraduate,Informal,6.6,Pg,0.5,655.0,Review,
27,2,24369,22731,1.0,True,0.9,32144,Semi-Urban,Diploma,Informal,9.0,Rented,0.48,547.5,Rejected,
31,4,72425,20115,0.7,True,0.73,16756,Rural,PostGraduate,Salaried,6.4,Pg,0.23,610.0,Review,
40,2,60148,6926,1.0,True,0.5,7992,Semi-Urban,Graduate,Informal,8.3,Pg,0.33,627.5,Review,
32,4,57142,8921,0.2,True,0.07,26997,Urban,Diploma,Informal,9.8,Rented,0.57,507.5,Rejected,
21,3,53327,15669,1.0,False,0.41,19266,Semi-Urban,Graduate,Salaried,6.7,Rented,0.61,707.5,Approved,
50,4,54757,10540,1.0,False,0.81,11191,Urban,PostGraduate,Informal,7.6,Pg,0.77,720.0,Approved,
48,6,62602,3469,1.0,False,0.04,22916,Rural,Graduate,Informal,8.8,Owned,0.57,625.0,Review,
42,5,59274,11628,0.2,True,0.09,17560,Rural,PostGraduate,Salaried,8.7,Owned,0.86,562.5,Rejected,
33,1,76191,24637,1.0,False,0.7,27661,Urban,PhD,Gig,5.6,Pg,0.72,682.5,Review,
22,4,33518,8151,0.2,True,0.74,19940,Semi-Urban,Diploma,Informal,5.0,Pg,0.85,450.0,Rejected,
23,3,88135,1719,0.2,True,0.48,18977,Semi-Urban,Diploma,Informal,5.1,Owned,0.73,500.0,Rejected,
47,6,24525,28060,1.0,False,0.14,33100,Semi-Urban,12th,Informal,6.3,Rented,0.22,575.0,Rejected,
53,6,25991,13184,0.4,False,0.54,14370,Semi-Urban,Diploma,Gig,6.0,Owned,0.31,512.5,Rejected,
27,1,72478,2845,1.0,False,0.25,16544,Urban,Diploma,Gig,9.3,Owned,0.3,657.5,Review,
32,4,40234,10369,0.4,True,0.91,13802,Urban,PhD,Salaried,6.7,Rented,0.65,552.5,Rejected,
49,2,72433,18616,0.2,True,0.01,30803,Semi-Urban,PhD,Gig,6.9,Pg,0.47,505.0,Rejected,
34,3,67686,17468,0.7,True,0.03,19157,Urban,PostGraduate,Salaried,5.8,Rented,0.22,595.0,Rejected,
46,4,38351,10401,1.0,True,0.25,15682,Urban,Diploma,Gig,9.6,Pg,0.78,642.5,Review,
49,6,54839,11077,1.0,True,0.14,20584,Rural,PostGraduate,Salaried,5.4,Pg,0.49,627.5,Review,
40,5,92298,8846,0.4,True,0.56,9583,Semi-Urban,Graduate,Salaried,9.4,Pg,0.46,537.5,Rejected,
38,1,83857,17517,1.0,False,0.52,33205,Urban,Diploma,Gig,8.3,Owned,0.64,710.0,Approved,
59,4,37580,7211,0.0,True,0.73,29234,Semi-Urban,PostGraduate,Salaried,8.3,Pg,0.47,457.5,Rejected,
26,5,24585,27311,0.4,True,0.88,35851,Urban,12th,Gig,8.5,Owned,0.35,435.0,Rejected,
23,4,23042,10347,0.7,False,0.61,24909,Semi-Urban,12th,Gig,9.5,Owned,0.36,557.5,Rejected,
22,1,24134,507,1.0,True,0.74,30332,Rural,12th,Informal,8.0,Rented,0.67,510.0,Rejected,
50,2,99435,5987,0.7,False,0.67,14952,Urban,Graduate,Informal,9.7,Rented,0.4,642.5,Review,
26,5,42373,28108,0.7,True,0.31,17905,Rural,Graduate,Gig,10.0,Rented,0.73,570.0,Rejected,
22,2,78458,2280,1.0,False,0.16,11046,Rural,Diploma,Salaried,6.9,Owned,0.81,712.5,Approved,
44,2,20946,3337,0.7,True,0.41,24863,Rural,PostGraduate,Gig,5.3,Owned,0.47,545.0,Rejected,
57,5,75226,12806,0.4,False,0.63,23240,Urban,PostGraduate,Informal,9.7,Owned,0.57,592.5,Rejected,
38,4,57173,26717,0.7,True,0.78,30166,Urban,PhD,Gig,5.4,Owned,0.55,527.5,Rejected,
38,5,69672,8347,1.0,False,0.58,30928,Rural,PostGraduate,Salaried,8.0,Pg,0.81,707.5,Approved,
22,1,20669,26843,0.7,True,0.45,29761,Urban,PostGraduate,Informal,6.0,Rented,0.79,572.5,Rejected,
27,2,80210,7581,0.7,True,0.95,28852,Rural,PostGraduate,Salaried,6.9,Owned,0.54,565.0,Rejected,
60,1,90879,958,0.0,True,0.38,6488,Urban,12th,Informal,7.4,Owned,0.31,455.0,Rejected,
58,4,45157,24828,0.7,True,0.6,13571,Semi-Urban,12th,Gig,7.5,Rented,0.68,550.0,Rejected,
37,6,72622,7870,1.0,True,0.8,36606,Rural,12th,Salaried,7.9,Owned,0.31,550.0,Rejected,
48,5,49876,23018,0.4,True,0.03,23494,Urban,Diploma,Gig,9.2,Owned,0.81,555.0,Rejected,
54,5,30381,9502,0.4,True,0.24,7640,Semi-Urban,12th,Gig,9.3,Owned,0.45,512.5,Rejected,
36,4,29147,23184,1.0,False,0.04,15144,Semi-Urban,12th,Informal,6.2,Rented,0.8,617.5,Review,
36,3,40526,18115,0.2,True,0.26,38156,Semi-Urban,PostGraduate,Salaried,5.8,Rented,0.52,482.5,Rejected,
48,3,20645,13139,0.4,True,0.74,31666,Urban,PhD,Gig,8.7,Pg,0.82,507.5,Rejected,
55,6,93870,18547,1.0,False,0.04,20036,Urban,PostGraduate,Informal,7.1,Rented,0.58,692.5,Review,
49,6,62153,4212,0.0,True,0.25,36181,Rural,12th,Informal,9.1,Pg,0.82,385.0,Rejected,
48,3,81821,9185,1.0,False,0.9,9214,Semi-Urban,Graduate,Salaried,6.5,Rented,0.5,730.0,Approved,
35,4,64319,26566,0.2,False,0.86,37371,Semi-Urban,PostGraduate,Gig,9.3,Pg,0.38,492.5,Rejected,
50,3,57408,5673,1.0,True,0.36,14497,Urban,12th,Gig,8.6,Rented,0.32,570.0,Rejected,
41,5,33954,10791,0.7,False,0.09,12513,Semi-Urban,12th,Salaried,6.5,Rented,0.6,637.5,Review,
57,4,22740,22389,0.7,True,0.71,31466,Semi-Urban,12th,Salaried,5.9,Rented,0.41,537.5,Rejected,
25,5,36262,12944,1.0,False,0.2,29045,Rural,Diploma,Gig,8.6,Owned,0.5,617.5,Review,
21,5,77071,29708,0.7,False,0.07,26328,Urban,PhD,Informal,7.5,Pg,0.31,595.0,Rejected,
48,4,33385,4008,1.0,False,0.11,17112,Urban,PhD,Informal,9.3,Owned,0.58,657.5,Review,
24,3,28552,23989,0.7,False,0.43,38152,Rural,PhD,Informal,8.6,Rented,0.69,597.5,Rejected,
59,1,28504,4532,0.7,False,0.39,21281,Rural,PostGraduate,Gig,5.2,Rented,0.84,585.0,Rejected,
60,4,51127,7107,1.0,False,0.48,37818,Rural,PhD,Salaried,7.3,Owned,0.48,670.0,Review,
36,3,69845,24153,1.0,False,0.23,33147,Urban,PhD,Gig,7.4,Owned,0.81,697.5,Review,
35,3,89154,26038,0.7,True,0.78,14185,Semi-Urban,Graduate,Salaried,9.4,Pg,0.36,610.0,Review,
27,3,52835,25174,1.0,False,0.76,31346,Semi-Urban,Graduate,Gig,6.7,Pg,0.78,630.0,Review,
25,1,58010,24259,1.0,False,0.2,6311,Urban,PhD,Gig,5.1,Owned,0.48,720.0,Approved,
32,3,37264,12622,0.2,True,0.39,8713,Urban,PostGraduate,Salaried,5.9,Owned,0.47,587.5,Rejected,
26,4,85071,4246,0.0,False,0.51,35069,Urban,PhD,Informal,9.2,Owned,0.22,470.0,Rejected,
58,5,79242,17282,1.0,False,0.4,38932,Rural,12th,Salaried,9.6,Rented,0.37,652.5,Review,
53,6,53752,29125,0.7,False,0.06,5523,Semi-Urban,12th,Informal,8.1,Owned,0.75,650.0,Review,
49,1,18225,21359,0.4,False,0.99,32455,Rural,12th,Salaried,9.4,Pg,0.86,580.0,Rejected,
47,6,39690,27743,1.0,True,0.49,21483,Urban,Graduate,Informal,7.7,Owned,0.41,592.5,Rejected,
40,3,46203,29785,0.2,True,0.71,18649,Semi-Urban,Graduate,Gig,7.9,Owned,0.29,472.5,Rejected,
43,5,20956,21956,1.0,True,0.5,30567,Urban,12th,Informal,8.0,Pg,0.82,560.0,Rejected,
35,4,67317,22839,0.4,False,0.36,24668,Rural,PostGraduate,Informal,5.8,Owned,0.73,580.0,Rejected,
47,2,71723,17184,1.0,False,0.87,14800,Urban,Diploma,Salaried,7.3,Rented,0.65,772.5,Approved,
46,4,26185,28797,1.0,True,0.92,9278,Urban,PhD,Salaried,8.3,Pg,0.48,640.0,Review,
36,4,19436,25935,1.0,False,0.35,39040,Semi-Urban,Graduate,Informal,6.1,Rented,0.31,600.0,Review,
54,2,49994,23931,0.7,True,0.05,34387,Semi-Urban,Graduate,Gig,9.3,Rented,0.88,557.5,Rejected,
37,6,43410,29899,0.2,True,0.13,11512,Rural,PhD,Gig,7.8,Owned,0.81,510.0,Rejected,
47,4,28512,931,0.7,False,0.08,8873,Semi-Urban,PostGraduate,Salaried,5.4,Owned,0.4,590.0,Rejected,
41,6,39922,15893,1.0,True,0.68,24096,Rural,12th,Gig,8.3,Rented,0.89,545.0,Rejected,
57,1,48946,19816,0.7,True,0.24,28369,Rural,12th,Salaried,7.3,Rented,0.32,555.0,Rejected,
43,2,32912,12180,0.7,False,0.98,22925,Rural,12th,Informal,8.2,Rented,0.44,570.0,Rejected,
57,2,65167,22613,0.2,True,0.37,35307,Semi-Urban,12th,Informal,6.2,Pg,0.43,455.0,Rejected,
22,4,84365,10032,0.2,True,0.22,7278,Rural,Diploma,Informal,6.2,Owned,0.24,530.0,Rejected,
38,2,76860,7691,0.7,False,0.46,8941,Urban,Diploma,Informal,9.4,Pg,0.48,672.5,Review,
25,6,92524,20403,0.2,False,0.32,32234,Urban,Graduate,Gig,7.0,Rented,0.53,535.0,Rejected,
36,6,32192,16406,0.7,False,0.16,26164,Semi-Urban,PhD,Informal,9.5,Pg,0.41,570.0,Rejected,
47,4,34884,3247,0.7,True,0.06,19941,Urban,Graduate,Salaried,9.2,Pg,0.79,570.0,Rejected,
58,4,46064,18514,1.0,False,0.38,36689,Urban,PhD,Salaried,6.5,Rented,0.63,685.0,Review,
39,6,51929,18865,0.4,False,0.5,36090,Rural,PhD,Informal,7.4,Pg,0.36,497.5,Rejected,
53,3,15876,14904,0.2,False,0.2,29689,Urban,Graduate,Salaried,7.8,Owned,0.88,580.0,Rejected,
25,3,17908,6136,1.0,True,0.65,18247,Rural,PhD,Salaried,6.7,Owned,0.54,610.0,Review,
27,1,21617,1862,1.0,True,0.61,6805,Urban,PhD,Informal,9.1,Owned,0.75,632.5,Review,
59,4,98101,6558,0.7,True,0.11,21289,Rural,PostGraduate,Informal,5.0,Pg,0.39,547.5,Rejected,
38,6,16671,7838,0.7,True,0.54,39158,Urban,PhD,Informal,7.9,Owned,0.59,527.5,Rejected,
32,6,54240,17203,0.2,False,0.73,36108,Semi-Urban,Graduate,Salaried,5.0,Pg,0.53,522.5,Rejected,
38,2,33178,15857,0.7,False,0.73,33990,Urban,12th,Gig,8.7,Rented,0.36,570.0,Rejected,
30,2,39891,9511,1.0,False,0.54,21714,Urban,PostGraduate,Gig,5.7,Owned,0.89,660.0,Review,
29,5,77072,22824,0.7,False,0.9,11915,Rural,PhD,Informal,9.1,Rented,0.62,660.0,Review,
53,6,44822,19746,0.7,False,0.7,28210,Urban,12th,Salaried,9.9,Pg,0.64,615.0,Review,
54,2,60936,15916,0.7,False,0.53,25754,Urban,Diploma,Informal,6.5,Owned,0.44,650.0,Review,
43,1,22810,16496,0.7,False,0.27,36729,Rural,PostGraduate,Salaried,5.3,Rented,0.55,610.0,Review,
38,6,35403,25325,0.7,True,0.83,18084,Urban,PostGraduate,Salaried,6.7,Pg,0.74,547.5,Rejected,
30,1,22385,6262,0.0,False,0.4,35772,Rural,Graduate,Informal,7.7,Owned,0.77,507.5,Rejected,
53,4,76608,10285,1.0,False,0.25,26458,Semi-Urban,PhD,Salaried,7.8,Pg,0.51,692.5,Review,
55,6,57452,23353,0.4,False,0.63,26902,Semi-Urban,Diploma,Informal,9.1,Pg,0.36,535.0,Rejected,
37,6,52987,21935,1.0,True,0.14,14814,Urban,Graduate,Salaried,10.0,Pg,0.29,640.0,Review,
35,4,52768,4925,1.0,False,0.32,17133,Rural,PostGraduate,Informal,8.1,Pg,0.6,650.0,Review,
29,1,39816,11641,0.7,True,0.63,33244,Urban,Graduate,Informal,9.3,Owned,0.54,552.5,Rejected,
28,5,18807,25679,0.2,False,0.27,25860,Urban,PhD,Salaried,7.0,Pg,0.51,537.5,Rejected,
43,3,52631,15864,0.7,False,0.75,12993,Semi-Urban,Graduate,Gig,9.6,Owned,0.28,645.0,Review,
57,6,99829,6962,0.7,True,0.04,15957,Semi-Urban,12th,Salaried,8.6,Owned,0.48,605.0,Review,
54,3,72392,25061,0.7,True,0.63,24222,Urban,PhD,Gig,6.7,Owned,0.88,592.5,Rejected,
57,3,94946,20789,0.7,False,0.01,19306,Rural,12th,Gig,8.2,Pg,0.88,647.5,Review,
39,5,37775,17126,1.0,False,0.42,12985,Rural,Diploma,Informal,6.6,Owned,0.59,655.0,Review,
22,6,73489,7608,0.2,True,0.53,18587,Urban,12th,Informal,6.0,Owned,0.25,462.5,Rejected,
21,5,81199,4357,1.0,False,0.07,25444,Semi-Urban,Diploma,Salaried,6.5,Owned,0.54,665.0,Review,
60,1,55200,5288,0.7,False,0.78,26111,Urban,PhD,Informal,5.3,Owned,0.82,622.5,Review,
24,3,88208,27782,1.0,False,0.04,31428,Urban,PhD,Informal,5.7,Rented,0.24,640.0,Review,
36,4,55009,26320,0.2,False,0.71,26939,Rural,Graduate,Informal,8.2,Rented,0.59,532.5,Rejected,
43,3,23098,22973,1.0,False,0.09,7029,Rural,12th,Informal,8.2,Pg,0.87,655.0,Review,
56,3,29007,25223,0.7,True,0.26,7417,Urban,Diploma,Informal,6.9,Rented,0.22,567.5,Rejected,
47,3,91099,11843,0.4,True,0.06,5116,Urban,PhD,Salaried,5.1,Owned,0.54,617.5,Review,
45,4,30703,27726,0.4,False,0.53,27047,Urban,Graduate,Informal,9.3,Owned,0.33,540.0,Rejected,
45,5,68672,9337,1.0,True,0.75,26147,Semi-Urban,PhD,Salaried,7.4,Pg,0.8,635.0,Review,
47,2,35417,22130,1.0,False,0.41,23285,Urban,PostGraduate,Salaried,9.9,Owned,0.25,695.0,Review,
58,6,68416,14300,1.0,False,0.19,6327,Urban,Graduate,Gig,9.2,Owned,0.3,692.5,Review,
38,1,60975,14775,1.0,False,0.51,27116,Urban,PostGraduate,Salaried,10.0,Rented,0.88,747.5,Approved,
54,3,67963,29625,1.0,False,0.02,29403,Semi-Urban,Graduate,Informal,6.1,Rented,0.53,652.5,Review,
26,3,52190,2622,1.0,False,0.45,7036,Semi-Urban,Graduate,Gig,9.0,Rented,0.22,645.0,Review,
50,1,55555,25702,0.0,False,0.09,22086,Semi-Urban,PostGraduate,Salaried,9.1,Pg,0.74,582.5,Rejected,
41,3,21108,2608,1.0,True,0.68,24754,Rural,12th,Salaried,5.0,Rented,0.43,582.5,Rejected,
28,5,70475,20304,0.4,True,0.29,21918,Rural,Graduate,Gig,6.2,Pg,0.75,525.0,Rejected,
28,4,48169,18589,0.2,True,0.5,27735,Semi-Urban,Diploma,Gig,5.0,Rented,0.84,450.0,Rejected,
40,2,31385,28451,0.7,False,0.58,27322,Semi-Urban,Diploma,Salaried,6.9,Pg,0.2,607.5,Review,
23,1,85053,8396,0.7,True,0.92,12492,Urban,PostGraduate,Salaried,9.2,Owned,0.29,615.0,Review,
28,1,62378,3555,0.7,True,0.01,14088,Urban,Graduate,Salaried,8.4,Owned,0.46,657.5,Review,
41,1,24813,23361,1.0,False,0.23,38311,Semi-Urban,Diploma,Informal,8.3,Pg,0.57,627.5,Review,
26,6,77426,9362,0.4,False,0.0,7343,Rural,PostGraduate,Gig,5.4,Pg,0.77,590.0,Rejected,
56,2,50039,19479,0.2,False,0.93,36167,Urban,PhD,Salaried,9.5,Rented,0.58,575.0,Rejected,
47,4,55706,12443,0.7,False,0.29,28296,Rural,Graduate,Gig,9.1,Rented,0.35,555.0,Rejected,
45,2,75869,26363,0.2,True,0.37,6252,Urban,PhD,Gig,9.5,Owned,0.82,600.0,Review,
31,1,63223,4372,1.0,False,0.68,38806,Semi-Urban,PhD,Salaried,6.0,Rented,0.85,652.5,Review,
48,4,86169,25122,1.0,False,0.08,38188,Semi-Urban,12th,Informal,9.1,Pg,0.51,640.0,Review,
49,3,62237,8850,0.2,True,0.23,23741,Semi-Urban,PhD,Informal,5.6,Owned,0.45,495.0,Rejected,
34,5,89019,22590,1.0,False,0.17,19301,Semi-Urban,12th,Informal,9.3,Rented,0.37,650.0,Review,
44,1,44868,14597,0.4,False,0.65,30852,Urban,Graduate,Gig,7.6,Rented,0.65,567.5,Rejected,
43,2,85035,5368,0.7,True,0.86,20975,Rural,PostGraduate,Salaried,6.5,Pg,0.41,587.5,Rejected,
23,2,88780,11476,0.7,True,0.22,17531,Semi-Urban,Diploma,Gig,9.4,Rented,0.79,632.5,Review,
36,3,70703,5479,1.0,True,0.21,6413,Urban,Graduate,Informal,7.2,Pg,0.26,620.0,Review,
45,1,25055,21607,1.0,True,0.44,12995,Rural,Graduate,Gig,8.6,Owned,0.43,602.5,Review,
43,3,37788,502,0.7,False,0.29,5655,Semi-Urban,12th,Informal,7.0,Pg,0.67,587.5,Rejected,
57,1,89991,2208,0.2,False,0.16,32394,Rural,Graduate,Informal,6.3,Rented,0.78,500.0,Rejected,
51,3,80611,22296,1.0,False,0.1,15499,Semi-Urban,Graduate,Informal,7.8,Pg,0.73,705.0,Approved,
26,3,30370,18423,1.0,False,0.31,14872,Rural,PostGraduate,Informal,6.5,Owned,0.22,652.5,Review,
38,3,84359,17743,0.2,False,0.37,6095,Urban,Diploma,Gig,8.0,Owned,0.31,585.0,Rejected,
55,1,16219,23620,0.7,True,0.46,12410,Rural,Diploma,Gig,8.7,Pg,0.33,527.5,Rejected,
26,5,48890,21088,1.0,True,0.49,27019,Semi-Urban,Diploma,Gig,7.9,Owned,0.43,577.5,Rejected,
48,3,81175,2330,0.7,False,0.94,6824,Rural,PostGraduate,Salaried,7.7,Rented,0.59,625.0,Review,
23,4,38153,10447,0.4,True,0.76,24123,Semi-Urban,12th,Informal,5.5,Pg,0.54,452.5,Rejected,
50,1,58070,17383,1.0,True,0.02,12499,Urban,Graduate,Salaried,9.9,Rented,0.52,717.5,Approved,
45,1,78832,10833,0.4,False,0.46,11155,Semi-Urban,12th,Informal,6.6,Owned,0.8,630.0,Review,
30,6,74249,2699,0.7,False,0.79,15335,Urban,PhD,Informal,8.8,Rented,0.22,585.0,Rejected,
52,3,30569,28292,1.0,False,0.06,27129,Semi-Urban,PhD,Salaried,9.8,Pg,0.66,682.5,Review,
27,2,59277,21047,1.0,True,0.1,6962,Rural,PhD,Salaried,8.0,Rented,0.57,715.0,Approved,
47,4,92825,29900,0.7,False,0.78,5947,Urban,Diploma,Informal,6.3,Owned,0.64,690.0,Review,
36,2,84596,16083,0.7,True,0.33,23835,Semi-Urban,Diploma,Gig,7.3,Pg,0.53,580.0,Rejected,
39,6,22631,1659,1.0,False,0.7,19162,Urban,Graduate,Salaried,9.5,Rented,0.65,642.5,Review,
43,6,55257,3977,0.4,False,0.59,32763,Urban,Graduate,Gig,5.3,Rented,0.37,482.5,Rejected,
31,2,40275,23335,0.4,False,0.79,13674,Semi-Urban,PhD,Salaried,8.4,Owned,0.76,657.5,Review,
55,4,99183,10883,1.0,False,0.09,22731,Semi-Urban,PhD,Gig,5.9,Pg,0.77,692.5,Review,
24,4,68995,17509,0.2,True,0.74,19026,Urban,PhD,Informal,9.0,Owned,0.44,515.0,Rejected,
31,2,50523,24835,0.7,True,0.11,31261,Urban,PhD,Informal,9.9,Pg,0.35,555.0,Rejected,
34,2,41837,28616,1.0,True,0.72,17265,Semi-Urban,12th,Gig,9.2,Owned,0.45,607.5,Review,
37,3,71105,17114,1.0,True,0.3,23502,Urban,PhD,Informal,7.6,Owned,0.46,642.5,Review,
23,1,92754,4204,1.0,False,0.22,37517,Urban,PhD,Salaried,8.4,Rented,0.55,672.5,Review,
47,2,60246,21857,1.0,False,0.6,34668,Urban,PostGraduate,Salaried,10.0,Pg,0.59,695.0,Review,
44,2,45094,22409,0.4,True,0.32,19071,Urban,Diploma,Gig,7.8,Rented,0.68,565.0,Rejected,
44,5,38550,14035,0.7,False,0.28,25164,Urban,PostGraduate,Gig,9.1,Rented,0.72,600.0,Review,
59,5,98320,24216,0.4,False,0.64,6726,Rural,12th,Salaried,10.0,Owned,0.24,615.0,Review,
55,1,95545,12271,0.2,False,0.66,18207,Urban,Graduate,Gig,6.4,Pg,0.69,612.5,Review,
23,2,49612,11160,0.0,False,0.89,11107,Rural,Diploma,Informal,9.9,Pg,0.68,567.5,Rejected,
21,6,71237,11352,1.0,False,0.67,16471,Urban,PostGraduate,Gig,9.9,Rented,0.39,690.0,Review,
45,2,40155,8146,1.0,True,0.12,21994,Urban,Graduate,Gig,6.2,Pg,0.55,602.5,Review,
31,6,29768,1299,0.0,False,0.96,37645,Urban,PostGraduate,Salaried,6.0,Owned,0.36,447.5,Rejected,
44,3,55603,9571,1.0,False,0.95,18737,Urban,12th,Salaried,8.3,Owned,0.56,710.0,Approved,
51,5,92569,5116,0.7,True,0.96,30958,Urban,Graduate,Gig,7.4,Rented,0.76,515.0,Rejected,
25,1,22996,24340,1.0,True,0.84,34487,Rural,PhD,Salaried,7.3,Owned,0.5,602.5,Review,
26,3,23722,11381,0.7,True,0.81,36105,Semi-Urban,12th,Informal,7.4,Owned,0.84,507.5,Rejected,
58,5,75054,24494,1.0,True,0.08,27732,Semi-Urban,Graduate,Informal,7.2,Pg,0.73,615.0,Review,
47,2,19016,7456,1.0,True,0.26,18747,Urban,Diploma,Salaried,5.7,Rented,0.33,627.5,Review,
32,1,70633,23241,0.4,False,0.71,12267,Rural,PhD,Informal,5.9,Rented,0.82,615.0,Review,
26,1,71519,28480,0.7,True,0.69,18262,Semi-Urban,Graduate,Gig,7.3,Rented,0.87,575.0,Rejected,
23,2,83069,7825,0.2,True,0.49,27313,Urban,PhD,Gig,6.3,Pg,0.23,475.0,Rejected,
39,1,20465,25279,1.0,True,0.54,13595,Urban,Diploma,Gig,6.8,Owned,0.26,582.5,Rejected,
57,6,42270,24320,1.0,True,0.9,31546,Semi-Urban,PhD,Gig,7.0,Rented,0.39,507.5,Rejected,
60,2,15942,28300,1.0,False,0.1,23963,Semi-Urban,PhD,Informal,8.5,Rented,0.33,625.0,Review,
32,2,26858,18342,0.7,False,0.19,7918,Rural,PhD,Informal,7.8,Pg,0.79,635.0,Review,
36,6,30668,14511,1.0,False,0.08,32442,Rural,Diploma,Gig,7.1,Pg,0.29,587.5,Rejected,
35,5,98914,8524,1.0,False,0.53,39416,Rural,Graduate,Gig,7.9,Owned,0.82,640.0,Review,
54,6,43857,21201,0.7,True,0.4,25997,Rural,12th,Salaried,6.1,Rented,0.37,530.0,Rejected,
55,2,59620,21571,0.0,False,0.75,21568,Rural,Diploma,Salaried,5.3,Owned,0.45,570.0,Rejected,
42,1,19020,19516,0.7,False,0.3,38897,Semi-Urban,12th,Informal,8.2,Pg,0.86,585.0,Rejected,
48,3,27611,6062,0.7,False,0.1,7317,Urban,PostGraduate,Salaried,6.5,Pg,0.54,662.5,Review,
36,3,79689,7268,0.7,True,0.94,38501,Urban,PostGraduate,Informal,8.6,Owned,0.86,555.0,Rejected,
35,6,18180,1858,0.7,False,0.54,20195,Rural,PhD,Gig,6.7,Owned,0.75,587.5,Rejected,
48,6,44985,9290,0.2,False,0.21,30385,Rural,12th,Salaried,8.1,Pg,0.72,525.0,Rejected,
36,1,77138,6411,1.0,False,0.31,37354,Rural,Diploma,Salaried,8.4,Rented,0.48,675.0,Review,
42,5,19929,4090,1.0,False,0.72,8236,Rural,PhD,Gig,5.2,Pg,0.42,627.5,Review,
29,3,26692,9216,0.7,False,0.23,36107,Urban,Graduate,Gig,8.1,Rented,0.52,585.0,Rejected,
38,1,40461,13380,0.4,True,0.22,13974,Rural,Diploma,Gig,6.4,Pg,0.48,535.0,Rejected,
21,3,40433,6241,1.0,False,0.15,23781,Semi-Urban,PostGraduate,Gig,9.7,Pg,0.26,612.5,Review,
48,3,48418,8675,1.0,True,0.92,6348,Semi-Urban,PostGraduate,Gig,9.9,Owned,0.79,652.5,Review,
27,6,44706,22202,0.7,True,0.69,25200,Urban,PhD,Salaried,6.7,Owned,0.33,552.5,Rejected,
52,1,30078,24300,0.0,True,0.92,27156,Semi-Urban,PhD,Gig,6.4,Rented,0.37,382.5,Rejected,
28,6,45474,11666,1.0,True,0.31,27751,Semi-Urban,PhD,Gig,6.3,Owned,0.81,592.5,Rejected,
22,1,82334,13753,0.7,True,0.73,21379,Rural,Diploma,Informal,7.4,Owned,0.58,575.0,Rejected,
41,5,98121,5819,1.0,False,0.01,16690,Urban,Diploma,Informal,8.1,Pg,0.39,647.5,Review,
24,4,78354,16406,0.2,True,0.35,22463,Semi-Urban,PhD,Informal,7.6,Rented,0.28,477.5,Rejected,
59,2,53334,27488,1.0,True,0.84,12900,Urban,Diploma,Salaried,8.0,Pg,0.88,692.5,Review,
59,6,35215,22659,0.4,True,0.46,21858,Semi-Urban,Graduate,Informal,9.8,Pg,0.59,472.5,Rejected,
50,6,67780,23304,1.0,False,0.8,27464,Semi-Urban,Graduate,Informal,8.5,Pg,0.24,625.0,Review,
38,5,38564,2060,0.7,False,0.4,30082,Rural,PhD,Salaried,6.9,Pg,0.35,552.5,Rejected,
47,3,60535,18900,0.4,False,0.89,14233,Semi-Urban,PostGraduate,Gig,9.7,Rented,0.85,627.5,Review,
56,5,96417,23826,0.2,True,0.09,19532,Rural,Graduate,Informal,5.1,Owned,0.42,532.5,Rejected,
48,2,50471,2757,1.0,True,1.0,22395,Rural,Graduate,Salaried,8.3,Pg,0.75,610.0,Review,
29,3,28994,11012,1.0,False,0.88,7731,Rural,PostGraduate,Salaried,5.9,Pg,0.21,665.0,Review,
53,4,95270,19483,0.7,False,0.37,31879,Semi-Urban,PhD,Gig,9.0,Pg,0.79,635.0,Review,
30,3,70902,18264,1.0,True,0.57,6363,Rural,Diploma,Salaried,8.5,Rented,0.38,655.0,Review,
39,6,39606,12300,1.0,True,0.28,32393,Urban,PhD,Informal,9.5,Owned,0.5,605.0,Review,
33,3,72403,14878,0.4,True,0.74,34790,Semi-Urban,Diploma,Gig,9.5,Rented,0.65,517.5,Rejected,
31,3,54876,29958,1.0,True,0.73,38831,Urban,Graduate,Informal,9.9,Pg,0.69,585.0,Rejected,
43,6,29585,28731,0.4,False,0.26,37096,Semi-Urban,Diploma,Informal,7.4,Owned,0.3,512.5,Rejected,
30,2,23109,23063,0.7,False,0.4,38949,Urban,PhD,Informal,6.7,Rented,0.35,582.5,Rejected,
21,1,35319,23242,0.0,False,0.94,21064,Semi-Urban,12th,Informal,7.0,Pg,0.85,480.0,Rejected,
31,3,73445,13842,1.0,True,0.24,30900,Urban,Diploma,Gig,9.9,Rented,0.57,627.5,Review,
29,4,38512,19066,1.0,False,0.23,37912,Rural,12th,Gig,9.2,Pg,0.84,617.5,Review,
38,3,24828,8808,0.7,True,0.13,23059,Semi-Urban,12th,Informal,5.0,Pg,0.56,517.5,Rejected,
39,2,38798,3018,1.0,False,0.83,8409,Rural,12th,Informal,6.6,Owned,0.31,660.0,Review,
37,2,15622,17236,0.7,True,0.6,5184,Semi-Urban,Diploma,Salaried,5.9,Rented,0.79,615.0,Review,
22,1,37035,11712,1.0,False,0.76,39909,Semi-Urban,Diploma,Informal,5.2,Pg,0.38,612.5,Review,
58,5,87057,15821,1.0,True,0.02,10333,Urban,PostGraduate,Gig,5.4,Pg,0.24,625.0,Review,
49,1,17994,20602,1.0,False,0.52,25540,Urban,Diploma,Gig,9.4,Rented,0.86,657.5,Review,
60,5,91579,1003,1.0,False,0.04,36829,Urban,Diploma,Gig,9.2,Pg,0.21,580.0,Rejected,
55,2,54193,29682,0.2,True,0.46,11585,Semi-Urban,PhD,Gig,5.4,Pg,0.55,530.0,Rejected,
57,1,16386,9898,1.0,True,0.01,36182,Rural,Graduate,Gig,5.6,Owned,0.64,617.5,Review,
49,6,80143,25653,0.4,True,0.88,28838,Urban,Diploma,Informal,9.1,Rented,0.36,470.0,Rejected,
50,6,73783,4374,0.7,True,0.16,10256,Rural,12th,Gig,7.6,Rented,0.54,550.0,Rejected,
21,2,62557,16505,1.0,False,0.61,10530,Rural,Graduate,Salaried,7.0,Rented,0.23,727.5,Approved,
47,1,44012,17259,0.2,False,0.12,36112,Urban,PhD,Gig,5.5,Owned,0.7,540.0,Rejected,
31,1,70142,9226,0.7,False,0.34,28617,Rural,Graduate,Salaried,6.3,Rented,0.64,675.0,Review,
36,6,94231,25086,1.0,False,0.32,28552,Urban,Diploma,Salaried,9.1,Pg,0.49,695.0,Review,
55,3,21032,28827,1.0,True,0.22,25961,Urban,12th,Gig,5.3,Owned,0.49,592.5,Rejected,
54,1,56290,21246,0.7,True,0.29,29357,Rural,12th,Gig,8.0,Rented,0.45,530.0,Rejected,
55,4,46284,28459,0.4,True,0.19,5828,Urban,Diploma,Informal,7.9,Rented,0.79,590.0,Rejected,
52,3,62120,4040,1.0,True,0.55,21569,Semi-Urban,12th,Informal,6.0,Owned,0.85,580.0,Rejected,
47,6,27983,6440,1.0,False,0.01,27249,Semi-Urban,12th,Gig,8.7,Pg,0.47,590.0,Rejected,
53,1,28893,24603,0.7,False,0.63,19365,Urban,PhD,Gig,7.7,Rented,0.44,597.5,Rejected,
56,2,33617,22365,0.4,True,0.28,20892,Rural,Diploma,Gig,5.4,Pg,0.35,482.5,Rejected,
39,3,31607,22503,1.0,True,0.02,8600,Rural,PostGraduate,Informal,7.5,Rented,0.23,597.5,Rejected,
33,6,50109,7744,0.2,False,0.71,7874,Semi-Urban,PhD,Salaried,9.0,Rented,0.33,595.0,Rejected,
31,4,88344,11932,1.0,True,0.02,15062,Rural,Diploma,Salaried,9.7,Owned,0.62,720.0,Approved,
59,3,48001,25517,0.7,True,0.32,22147,Rural,PostGraduate,Salaried,6.2,Pg,0.73,622.5,Review,
25,5,95190,19633,1.0,False,0.78,31843,Urban,12th,Salaried,9.8,Owned,0.25,682.5,Review,
48,3,64489,5740,0.7,False,0.62,15716,Semi-Urban,PostGraduate,Informal,7.5,Pg,0.27,600.0,Review,
44,2,62078,7273,1.0,False,0.73,36636,Urban,Diploma,Gig,6.2,Rented,0.46,642.5,Review,
31,6,39617,12889,1.0,False,0.31,17619,Rural,12th,Gig,7.3,Pg,0.47,627.5,Review,
40,1,17162,26414,0.7,False,0.27,34475,Rural,12th,Salaried,5.1,Rented,0.62,625.0,Review,
27,4,22586,22235,0.7,False,0.57,39147,Urban,PostGraduate,Informal,6.1,Pg,0.33,570.0,Rejected,
26,1,83420,6325,0.7,True,0.37,31780,Urban,PhD,Informal,9.8,Pg,0.64,592.5,Rejected,
21,5,25205,19420,1.0,False,0.0,39575,Urban,PhD,Gig,9.4,Pg,0.3,615.0,Review,
48,6,20380,7520,0.4,False,0.96,13725,Semi-Urban,12th,Salaried,5.5,Pg,0.5,540.0,Rejected,
30,4,99521,26489,1.0,True,0.76,14230,Urban,12th,Informal,8.5,Rented,0.44,632.5,Review,
45,2,65378,14111,1.0,True,0.82,14201,Rural,Diploma,Gig,9.6,Pg,0.61,637.5,Review,
25,5,31915,28914,1.0,True,0.03,25643,Urban,PostGraduate,Gig,5.3,Rented,0.79,580.0,Rejected,
26,1,66306,27154,0.4,True,0.4,33923,Semi-Urban,PostGraduate,Informal,5.4,Pg,0.84,500.0,Rejected,
33,1,70075,7730,0.2,False,0.75,12870,Rural,PostGraduate,Salaried,5.5,Rented,0.58,610.0,Review,
37,1,18561,992,0.7,True,0.53,9522,Rural,Graduate,Gig,9.9,Rented,0.2,477.5,Rejected,
59,5,88525,27161,0.7,False,0.75,17593,Semi-Urban,12th,Gig,8.9,Pg,0.34,605.0,Review,
27,2,63480,12838,0.7,False,0.62,21102,Urban,PhD,Gig,8.6,Rented,0.54,647.5,Review,
27,5,55998,4830,0.2,True,0.78,29576,Rural,12th,Salaried,7.5,Owned,0.54,435.0,Rejected,
52,5,55105,11208,0.7,False,0.31,5496,Semi-Urban,Graduate,Informal,7.6,Owned,0.39,632.5,Review,
38,5,98253,23817,0.2,True,0.98,16804,Rural,12th,Informal,6.9,Rented,0.75,480.0,Rejected,
29,1,43998,10672,0.7,False,0.89,6627,Urban,Diploma,Gig,9.6,Owned,0.83,702.5,Approved,
33,5,19354,25689,0.7,False,0.73,23816,Rural,Graduate,Salaried,6.5,Pg,0.59,597.5,Rejected,
56,5,97289,5516,1.0,False,0.64,24705,Rural,Graduate,Informal,8.2,Owned,0.55,625.0,Review,
49,6,83362,14359,0.7,True,0.63,13063,Rural,Graduate,Informal,6.1,Owned,0.4,587.5,Rejected,
48,2,87182,5921,1.0,False,0.04,38819,Rural,Graduate,Salaried,8.9,Pg,0.8,690.0,Review,
38,3,22423,2095,0.4,False,0.85,24558,Rural,12th,Salaried,6.1,Owned,0.58,537.5,Rejected,
42,5,81032,26990,0.4,True,0.56,10638,Rural,PhD,Gig,9.1,Rented,0.2,525.0,Rejected,
49,2,90729,16874,0.2,True,0.53,24377,Semi-Urban,12th,Gig,7.1,Rented,0.71,487.5,Rejected,
35,3,87277,29886,1.0,False,0.29,19167,Rural,Diploma,Gig,5.4,Rented,0.63,705.0,Approved,
59,3,17001,21896,1.0,False,0.01,11278,Rural,PhD,Salaried,5.3,Pg,0.43,642.5,Review,
46,5,94827,6781,0.7,False,0.93,29057,Semi-Urban,PostGraduate,Informal,6.9,Rented,0.31,550.0,Rejected,
48,2,88815,16142,1.0,False,0.33,37779,Rural,Graduate,Gig,7.0,Owned,0.89,695.0,Review,
47,2,90607,5953,0.7,True,0.18,7096,Semi-Urban,PhD,Salaried,6.4,Pg,0.72,642.5,Review,
48,1,63358,18802,1.0,True,0.98,5719,Semi-Urban,PhD,Informal,9.6,Rented,0.88,650.0,Review,
46,5,18075,12074,0.0,False,0.38,18174,Semi-Urban,PostGraduate,Informal,5.4,Owned,0.39,440.0,Rejected,
25,5,72202,3200,0.7,False,0.79,30004,Rural,12th,Salaried,5.7,Pg,0.62,577.5,Rejected,
56,4,28381,9371,0.7,True,0.88,19922,Urban,12th,Gig,10.0,Rented,0.6,507.5,Rejected,
58,6,72371,27303,1.0,True,0.4,34407,Rural,12th,Salaried,7.6,Pg,0.6,642.5,Review,
45,6,20580,20174,0.4,True,0.26,5286,Rural,Diploma,Salaried,5.5,Pg,0.72,565.0,Rejected,
59,5,76358,8198,0.2,True,0.11,21811,Semi-Urban,Diploma,Gig,9.2,Rented,0.71,495.0,Rejected,
56,6,22020,27173,0.7,True,0.73,27784,Semi-Urban,Diploma,Salaried,8.8,Owned,0.41,552.5,Rejected,
29,4,44501,1850,1.0,True,0.94,15186,Rural,Diploma,Salaried,5.9,Pg,0.45,552.5,Rejected,
21,2,34081,9205,0.4,False,0.94,36031,Urban,PhD,Informal,9.0,Rented,0.63,580.0,Rejected,
49,4,93118,6792,1.0,True,0.52,37682,Semi-Urban,Graduate,Salaried,7.6,Rented,0.26,587.5,Rejected,
43,5,38031,16223,0.7,False,0.84,19606,Urban,Graduate,Gig,10.0,Owned,0.89,602.5,Review,
40,3,82297,1908,0.4,False,0.18,38344,Semi-Urban,PostGraduate,Informal,7.5,Pg,0.76,517.5,Rejected,
47,1,73446,5461,0.0,True,0.17,12045,Rural,Diploma,Gig,7.9,Owned,0.34,482.5,Rejected,
58,2,96753,20708,1.0,False,0.9,16863,Urban,12th,Informal,7.2,Rented,0.36,690.0,Review,
31,4,98103,23539,0.2,False,0.92,25307,Urban,PhD,Gig,6.6,Rented,0.74,562.5,Rejected,
30,5,93453,25386,0.7,True,0.37,21429,Rural,PhD,Gig,6.8,Rented,0.75,607.5,Review,
41,1,68582,7541,1.0,False,0.76,23602,Urban,Graduate,Salaried,6.9,Owned,0.7,750.0,Approved,
54,4,69935,24019,1.0,True,0.43,7984,Urban,Graduate,Gig,6.3,Pg,0.78,680.0,Review,
21,2,79811,19292,0.7,True,0.65,7307,Semi-Urban,PostGraduate,Salaried,5.2,Pg,0.44,625.0,Review,
22,4,37966,1795,0.4,False,0.5,18947,Semi-Urban,PhD,Salaried,7.2,Pg,0.21,527.5,Rejected,
28,2,58428,28232,0.2,True,0.48,11553,Urban,Diploma,Gig,9.3,Rented,0.73,572.5,Rejected,
58,2,42920,27051,1.0,False,0.11,8823,Rural,PostGraduate,Salaried,5.5,Pg,0.59,730.0,Approved,
30,2,96755,12118,1.0,False,0.31,22407,Semi-Urban,Diploma,Salaried,8.7,Rented,0.39,727.5,Approved,
26,2,88625,26682,0.4,True,0.26,15375,Urban,Diploma,Gig,6.7,Pg,0.68,602.5,Review,
45,5,68588,8826,0.0,False,0.32,10950,Semi-Urban,12th,Salaried,5.9,Pg,0.35,540.0,Rejected,
43,5,50923,4386,0.2,True,0.38,36827,Semi-Urban,PostGraduate,Informal,8.4,Rented,0.89,440.0,Rejected,
30,6,64095,17465,1.0,True,0.67,21536,Semi-Urban,PostGraduate,Gig,8.9,Rented,0.52,592.5,Rejected,
52,2,20967,4181,0.2,False,0.26,9327,Rural,Graduate,Informal,7.1,Owned,0.73,575.0,Rejected,
28,1,62380,4819,0.7,True,0.56,12054,Urban,PhD,Informal,7.3,Rented,0.27,567.5,Rejected,
28,6,58727,1127,1.0,False,0.69,26190,Urban,Graduate,Salaried,8.1,Pg,0.81,650.0,Review,
25,2,32711,3959,1.0,False,0.62,15771,Rural,12th,Informal,5.4,Rented,0.86,667.5,Review,
59,3,93980,22303,0.2,True,0.4,35641,Rural,PhD,Informal,9.4,Owned,0.41,520.0,Rejected,
46,2,51572,26837,1.0,False,0.12,12453,Urban,PostGraduate,Salaried,9.2,Owned,0.62,800.0,Approved,
59,1,87408,18740,0.4,False,0.3,22630,Semi-Urban,PostGraduate,Informal,5.2,Pg,0.69,577.5,Rejected,
27,4,67429,11948,0.4,False,0.01,25211,Urban,Graduate,Gig,7.7,Pg,0.73,592.5,Rejected,
22,2,29055,9033,0.7,True,0.71,16373,Rural,Diploma,Salaried,7.2,Rented,0.53,562.5,Rejected,
43,5,20768,12806,0.2,True,0.01,14199,Semi-Urban,PostGraduate,Informal,9.0,Owned,0.58,470.0,Rejected,
23,4,48802,3238,0.7,True,0.34,38710,Urban,Graduate,Gig,6.9,Rented,0.55,515.0,Rejected,
25,2,71415,21416,0.4,True,1.0,27157,Semi-Urban,PhD,Informal,7.4,Owned,0.28,495.0,Rejected,
42,5,63551,13367,0.7,False,0.02,16657,Urban,Diploma,Gig,5.5,Rented,0.66,625.0,Review,
24,1,70662,9800,0.7,False,0.08,33260,Semi-Urban,Diploma,Gig,5.8,Owned,0.85,650.0,Review,
50,5,81207,2019,0.7,True,0.71,13017,Urban,PostGraduate,Salaried,8.6,Rented,0.32,565.0,Rejected,
42,1,91043,13588,0.7,True,0.17,35034,Urban,12th,Salaried,5.4,Pg,0.62,637.5,Review,
59,3,93497,26445,0.4,True,0.18,36282,Semi-Urban,PostGraduate,Salaried,5.1,Rented,0.53,550.0,Rejected,
31,6,35007,15820,0.2,True,0.55,26208,Urban,PostGraduate,Informal,6.9,Pg,0.36,422.5,Rejected,
45,2,79697,8154,0.0,False,0.43,12192,Urban,12th,Salaried,5.7,Rented,0.86,610.0,Review,
21,6,46825,6677,1.0,False,0.79,13923,Semi-Urban,Diploma,Salaried,7.3,Owned,0.7,710.0,Approved,
36,2,98218,6824,0.4,False,0.15,30954,Rural,12th,Informal,5.3,Rented,0.42,532.5,Rejected,
42,1,90799,12233,0.2,True,0.0,16673,Urban,Diploma,Gig,6.3,Rented,0.55,557.5,Rejected,
58,6,81897,26106,0.4,True,0.03,27394,Semi-Urban,Graduate,Gig,6.6,Owned,0.41,525.0,Rejected,
26,4,20307,21700,1.0,True,0.17,17091,Urban,PostGraduate,Gig,8.0,Pg,0.4,602.5,Review,
47,5,27686,21671,1.0,True,0.07,28414,Rural,Diploma,Salaried,9.7,Pg,0.52,602.5,Review,
53,4,46095,16511,0.2,False,0.41,6135,Urban,Graduate,Gig,6.6,Pg,0.46,585.0,Rejected,
36,6,81591,16996,0.7,False,0.81,24408,Semi-Urban,PostGraduate,Informal,8.8,Pg,0.35,592.5,Rejected,
35,1,43003,22148,0.2,False,0.85,32396,Semi-Urban,PostGraduate,Informal,9.5,Pg,0.72,535.0,Rejected,
35,5,65539,17953,0.2,True,0.71,12731,Semi-Urban,12th,Gig,6.4,Owned,0.28,485.0,Rejected,
48,4,72566,28391,0.4,True,0.04,33666,Urban,PostGraduate,Gig,5.5,Owned,0.72,555.0,Rejected,
36,4,31413,21048,1.0,False,0.16,15971,Urban,PostGraduate,Informal,8.0,Rented,0.75,657.5,Review,
21,4,51520,28592,0.7,False,0.03,8286,Rural,Graduate,Salaried,6.1,Owned,0.21,685.0,Review,
24,2,30614,9030,1.0,True,0.83,14326,Urban,Graduate,Informal,9.9,Rented,0.56,600.0,Review,
32,5,49860,8376,1.0,True,0.29,19387,Rural,Diploma,Salaried,9.2,Pg,0.24,625.0,Review,
33,3,47525,20542,1.0,True,0.43,30720,Urban,PhD,Informal,5.3,Rented,0.35,562.5,Rejected,
25,5,70569,9536,0.0,True,0.12,24834,Rural,PhD,Gig,6.4,Rented,0.61,465.0,Rejected,
39,5,78301,15491,1.0,False,0.5,13394,Urban,Graduate,Salaried,5.6,Rented,0.81,747.5,Approved,
41,5,68387,12002,1.0,True,0.43,26009,Urban,Graduate,Gig,8.0,Rented,0.31,600.0,Review,
56,3,24273,10955,1.0,True,0.04,21628,Urban,PostGraduate,Salaried,8.4,Pg,0.62,657.5,Review,
24,1,75343,5487,1.0,False,0.9,23883,Semi-Urban,Graduate,Informal,6.9,Rented,0.54,635.0,Review,
29,2,81898,22498,1.0,False,0.07,32270,Urban,Graduate,Gig,9.1,Rented,0.22,665.0,Review,
59,4,84199,20265,1.0,False,0.49,10344,Urban,PostGraduate,Gig,6.6,Rented,0.78,720.0,Approved,
23,6,22059,9858,1.0,False,0.95,28060,Semi-Urban,Diploma,Salaried,7.7,Rented,0.84,657.5,Review,
40,1,24673,21613,0.7,False,0.33,22766,Semi-Urban,Graduate,Informal,5.3,Pg,0.58,582.5,Rejected,
60,1,32357,3299,0.7,True,0.87,39717,Semi-Urban,PostGraduate,Gig,6.0,Owned,0.49,517.5,Rejected,
53,1,25318,27638,0.4,True,0.37,14318,Urban,PhD,Informal,8.6,Owned,0.4,540.0,Rejected,
52,1,37543,1567,1.0,False,0.45,8877,Rural,Graduate,Informal,8.3,Pg,0.52,642.5,Review,
48,5,98742,1566,0.7,True,0.89,5051,Urban,PostGraduate,Gig,5.8,Rented,0.88,510.0,Rejected,
52,2,83843,12404,0.7,True,0.44,29404,Urban,PostGraduate,Informal,8.8,Rented,0.66,622.5,Review,
58,4,78878,7270,0.7,False,0.17,16258,Rural,Diploma,Salaried,9.6,Pg,0.88,670.0,Review,
30,4,32402,8384,0.4,True,0.7,7179,Urban,Diploma,Salaried,7.1,Pg,0.65,610.0,Review,
32,6,25621,1686,1.0,True,0.96,31146,Semi-Urban,PhD,Salaried,9.9,Rented,0.22,530.0,Rejected,
54,2,82983,3379,0.4,True,0.86,38796,Urban,PhD,Gig,5.2,Rented,0.24,422.5,Rejected,
56,5,18774,4377,0.7,True,0.9,38676,Urban,PostGraduate,Salaried,7.3,Pg,0.52,532.5,Rejected,
59,2,95351,20197,0.4,True,0.73,18050,Urban,PostGraduate,Informal,9.9,Owned,0.2,580.0,Rejected,
25,2,43066,16951,1.0,False,0.65,18983,Rural,12th,Gig,8.9,Rented,0.3,637.5,Review,
37,2,78290,2196,0.7,True,0.58,19750,Rural,12th,Informal,7.1,Owned,0.5,502.5,Rejected,
30,3,92427,23468,0.7,True,0.89,37004,Rural,PhD,Gig,6.2,Owned,0.57,542.5,Rejected,
36,2,75056,26081,1.0,False,0.0,12483,Rural,Diploma,Informal,7.5,Pg,0.82,717.5,Approved,
34,3,22057,28453,1.0,False,0.1,32089,Urban,PhD,Informal,6.4,Owned,0.78,660.0,Review,
29,5,89943,21032,1.0,False,0.46,35204,Rural,Graduate,Salaried,9.4,Pg,0.6,695.0,Review,
26,4,73141,6867,1.0,False,0.72,6949,Semi-Urban,12th,Salaried,8.5,Owned,0.27,687.5,Review,
36,3,77065,19915,1.0,False,0.89,27990,Urban,Graduate,Informal,8.9,Rented,0.22,652.5,Review,
24,6,18810,26817,0.7,True,0.98,6038,Urban,12th,Salaried,6.5,Rented,0.34,542.5,Rejected,
51,6,69614,19360,1.0,False,0.8,37271,Semi-Urban,PostGraduate,Informal,8.5,Pg,0.68,630.0,Review,
39,4,55804,7577,0.7,True,0.3,39945,Urban,12th,Gig,7.5,Rented,0.58,532.5,Rejected,
43,2,56079,1643,0.0,False,0.04,17202,Semi-Urban,PostGraduate,Salaried,9.8,Pg,0.22,492.5,Rejected,
28,4,90795,17869,0.7,False,0.08,20146,Rural,Diploma,Informal,9.1,Owned,0.82,675.0,Review,
38,5,81448,21905,0.2,False,0.39,9255,Semi-Urban,Graduate,Informal,10.0,Rented,0.24,542.5,Rejected,
52,6,95389,4646,1.0,True,0.27,36096,Semi-Urban,Graduate,Informal,7.7,Rented,0.24,525.0,Rejected,
59,1,36244,3124,1.0,True,0.6,13549,Urban,PhD,Informal,5.4,Rented,0.61,592.5,Rejected,
60,6,39469,7004,0.4,False,0.77,23402,Urban,Diploma,Salaried,6.9,Rented,0.71,582.5,Rejected,
36,3,95119,19635,1.0,True,0.85,26444,Urban,12th,Informal,7.2,Rented,0.68,590.0,Rejected,
34,4,27444,29194,0.7,False,0.66,21904,Urban,PostGraduate,Gig,5.3,Owned,0.65,602.5,Review,
53,1,90783,18577,0.7,True,0.21,16104,Semi-Urban,12th,Informal,5.7,Pg,0.47,605.0,Review,
24,1,43743,16277,0.7,True,0.88,17830,Semi-Urban,PostGraduate,Salaried,6.0,Rented,0.71,595.0,Rejected,
32,2,97490,2972,1.0,False,0.03,20093,Semi-Urban,12th,Informal,6.7,Pg,0.7,645.0,Review,
59,6,54804,21795,0.7,True,0.5,35792,Rural,12th,Gig,6.2,Rented,0.22,470.0,Rejected,
40,2,49133,17004,0.7,True,0.02,35002,Semi-Urban,PhD,Gig,8.2,Owned,0.51,570.0,Rejected,
54,5,24587,18497,0.4,True,0.34,20012,Semi-Urban,Diploma,Informal,8.5,Rented,0.44,472.5,Rejected,
49,6,88779,3040,0.0,True,0.71,17285,Semi-Urban,PhD,Salaried,8.0,Owned,0.26,460.0,Rejected,
53,4,77923,24561,1.0,False,0.14,33583,Urban,Graduate,Informal,9.2,Rented,0.63,682.5,Review,
56,6,56902,13255,1.0,False,0.41,38169,Urban,PhD,Gig,7.4,Rented,0.29,602.5,Review,
30,6,48620,15828,1.0,True,0.9,6368,Urban,Diploma,Gig,8.3,Owned,0.49,627.5,Review,
30,4,82986,18649,0.4,True,0.64,22667,Semi-Urban,PhD,Gig,6.0,Rented,0.55,502.5,Rejected,
38,3,60151,11268,0.7,True,0.09,39174,Urban,PostGraduate,Salaried,8.4,Rented,0.59,597.5,Rejected,
48,4,98060,28699,0.4,False,0.08,34021,Rural,12th,Salaried,8.3,Owned,0.8,620.0,Review,
39,3,31526,15696,1.0,False,0.2,8997,Semi-Urban,Graduate,Informal,9.4,Rented,0.37,637.5,Review,
24,3,30522,582,0.7,False,0.68,18344,Urban,PhD,Informal,6.3,Pg,0.76,540.0,Rejected,
36,3,97014,26566,1.0,True,0.09,38115,Rural,Graduate,Salaried,8.7,Rented,0.71,667.5,Review,
34,1,67968,6952,1.0,False,0.56,38400,Urban,PhD,Informal,6.8,Pg,0.53,642.5,Review,
52,1,74924,27588,0.4,True,0.98,14130,Rural,PostGraduate,Salaried,9.8,Rented,0.37,570.0,Rejected,
48,1,68039,2297,0.7,False,0.6,18878,Rural,PostGraduate,Salaried,9.1,Pg,0.67,627.5,Review,
22,1,41274,2483,1.0,False,0.07,18815,Semi-Urban,PostGraduate,Gig,7.5,Owned,0.87,665.0,Review,
40,6,71691,23630,1.0,False,0.42,20057,Urban,Graduate,Salaried,9.9,Owned,0.58,710.0,Approved,
60,2,85999,21798,0.7,True,0.62,23031,Rural,Graduate,Informal,6.5,Rented,0.63,575.0,Rejected,
36,2,18091,6644,0.7,False,0.21,37243,Semi-Urban,12th,Informal,8.7,Pg,0.69,585.0,Rejected,
32,6,39112,22430,0.0,True,0.53,34661,Rural,12th,Informal,6.2,Pg,0.28,365.0,Rejected,
38,1,76589,15738,0.2,True,0.98,9710,Urban,12th,Gig,8.8,Owned,0.89,535.0,Rejected,
37,2,17136,4662,1.0,False,0.46,39014,Rural,Diploma,Salaried,7.0,Rented,0.22,652.5,Review,
53,6,67197,3218,1.0,True,0.13,17323,Urban,Diploma,Informal,9.6,Rented,0.64,570.0,Rejected,
41,5,47181,29140,0.4,True,0.82,35362,Semi-Urban,Diploma,Informal,9.4,Rented,0.8,447.5,Rejected,
41,5,50795,28083,0.7,False,0.3,29175,Urban,Graduate,Salaried,8.9,Owned,0.86,642.5,Review,
26,6,91710,16452,1.0,True,0.78,14813,Semi-Urban,Graduate,Salaried,7.1,Rented,0.61,672.5,Review,
51,3,61812,25711,0.7,False,0.29,15991,Rural,PhD,Gig,9.9,Owned,0.82,650.0,Review,
32,1,24014,29605,0.7,True,0.26,23186,Urban,PhD,Informal,7.9,Owned,0.87,587.5,Rejected,
31,2,82888,17358,0.7,True,0.25,24580,Urban,PostGraduate,Gig,5.6,Rented,0.61,597.5,Rejected,
51,6,24085,8955,0.4,False,0.45,12675,Rural,Diploma,Salaried,7.4,Rented,0.71,567.5,Rejected,
57,2,61565,15226,0.7,True,1.0,14116,Semi-Urban,Diploma,Gig,5.5,Pg,0.87,592.5,Rejected,
35,1,50258,17933,1.0,False,0.45,30841,Rural,PhD,Informal,9.9,Pg,0.71,655.0,Review,
47,1,78327,18036,0.0,False,0.61,11999,Urban,Diploma,Informal,9.6,Pg,0.66,582.5,Rejected,
30,2,43697,10092,1.0,False,0.74,35127,Urban,PostGraduate,Salaried,5.7,Pg,0.6,685.0,Review,
32,3,28124,14613,1.0,False,0.96,8801,Urban,Graduate,Gig,6.5,Rented,0.22,652.5,Review,
44,4,51265,26408,0.7,False,0.31,6518,Rural,PhD,Salaried,7.3,Rented,0.3,670.0,Review,
33,6,35440,2491,1.0,True,0.82,34205,Rural,Graduate,Informal,8.8,Owned,0.4,507.5,Rejected,
21,6,67630,24251,1.0,False,0.69,31081,Urban,PostGraduate,Informal,7.3,Owned,0.79,685.0,Review,
41,1,21742,17212,0.4,False,0.01,14311,Urban,Diploma,Salaried,6.8,Owned,0.36,592.5,Rejected,
60,2,17379,11760,1.0,True,0.39,12467,Semi-Urban,Diploma,Salaried,9.6,Pg,0.84,642.5,Review,
30,4,31997,20053,1.0,True,0.89,19585,Semi-Urban,PhD,Salaried,6.5,Owned,0.77,605.0,Review,
48,4,88605,10204,0.2,False,0.74,14996,Rural,Graduate,Informal,9.7,Owned,0.59,585.0,Rejected,
23,1,46468,12690,1.0,True,0.37,22308,Semi-Urban,PhD,Salaried,5.4,Owned,0.66,682.5,Review,
49,1,22623,6864,1.0,True,0.33,14309,Semi-Urban,PhD,Informal,7.7,Pg,0.41,587.5,Rejected,
45,2,30305,9558,0.7,True,0.27,31772,Semi-Urban,Graduate,Gig,7.6,Pg,0.86,557.5,Rejected,
39,4,65536,14454,0.7,True,0.57,6829,Urban,PostGraduate,Gig,7.1,Rented,0.26,585.0,Rejected,
42,3,21284,1675,1.0,True,0.73,26513,Rural,Diploma,Gig,5.0,Pg,0.57,525.0,Rejected,
58,6,76885,15377,0.7,False,0.55,23281,Urban,PostGraduate,Informal,8.9,Owned,0.52,637.5,Review,
35,1,88164,23951,1.0,False,0.23,22292,Rural,12th,Informal,6.2,Rented,0.61,667.5,Review,
26,6,72746,13778,1.0,False,0.85,25739,Urban,PhD,Salaried,7.0,Rented,0.26,680.0,Review,
46,1,91302,26653,0.4,False,0.04,8770,Semi-Urban,12th,Gig,8.0,Pg,0.79,615.0,Review,
59,4,52776,28262,0.4,False,0.87,9220,Semi-Urban,Graduate,Gig,9.4,Rented,0.35,585.0,Rejected,
23,3,21973,22960,0.7,True,0.79,24228,Urban,PostGraduate,Gig,6.1,Owned,0.25,525.0,Rejected,
35,4,47188,12509,0.4,True,0.29,18746,Urban,PostGraduate,Informal,8.8,Rented,0.84,565.0,Rejected,
52,2,19471,25186,1.0,False,0.47,8291,Semi-Urban,PostGraduate,Salaried,7.6,Owned,0.43,720.0,Approved,
50,4,69580,8231,0.2,True,0.23,5018,Semi-Urban,PhD,Informal,8.8,Rented,0.47,542.5,Rejected,
46,1,69016,4920,1.0,True,0.44,20634,Rural,12th,Gig,6.2,Pg,0.57,582.5,Rejected,
41,5,30570,29123,0.4,True,0.79,21238,Urban,12th,Salaried,6.4,Owned,0.32,495.0,Rejected,
27,2,73147,15235,0.2,True,0.11,36171,Rural,PostGraduate,Salaried,6.2,Owned,0.73,575.0,Rejected,
50,1,65781,20154,0.2,True,0.75,30778,Semi-Urban,Diploma,Informal,8.9,Owned,0.23,485.0,Rejected,
33,2,93388,5692,0.7,False,0.52,32476,Semi-Urban,PhD,Salaried,7.5,Rented,0.65,645.0,Review,
41,5,64191,6490,0.2,False,0.65,33159,Urban,12th,Gig,8.6,Rented,0.83,500.0,Rejected,
24,3,62514,27423,1.0,False,0.41,22143,Semi-Urban,12th,Gig,8.9,Pg,0.24,625.0,Review,
27,3,45100,711,0.4,True,0.51,33055,Rural,PostGraduate,Salaried,7.1,Rented,0.57,445.0,Rejected,
42,6,55190,4954,1.0,True,0.96,28453,Rural,PostGraduate,Gig,7.6,Rented,0.83,507.5,Rejected,
59,6,39301,15349,0.7,False,0.55,6249,Semi-Urban,Graduate,Gig,9.4,Pg,0.65,647.5,Review,
48,3,50445,7382,1.0,False,0.86,37584,Semi-Urban,12th,Salaried,6.3,Pg,0.79,657.5,Review,
53,1,60115,8732,1.0,True,0.83,10565,Semi-Urban,PostGraduate,Informal,9.6,Rented,0.81,650.0,Review,
42,5,32813,25108,0.2,True,0.84,30091,Semi-Urban,PhD,Informal,6.6,Rented,0.36,387.5,Rejected,
43,5,91394,584,0.2,False,0.75,31891,Urban,PostGraduate,Gig,6.3,Rented,0.44,475.0,Rejected,
35,6,30969,6187,0.2,True,0.61,25011,Semi-Urban,Graduate,Salaried,5.1,Owned,0.5,477.5,Rejected,
49,3,93363,23317,1.0,False,0.91,18528,Urban,Graduate,Salaried,8.5,Pg,0.65,760.0,Approved,
40,6,91549,11150,0.2,True,0.13,17421,Urban,Diploma,Gig,6.0,Pg,0.48,532.5,Rejected,
48,4,96653,19473,1.0,True,0.97,37751,Semi-Urban,PhD,Salaried,9.5,Pg,0.78,640.0,Review,
56,6,40869,2203,1.0,True,0.88,39888,Rural,Diploma,Informal,5.5,Pg,0.47,492.5,Rejected,
57,3,24874,20119,1.0,True,0.87,29359,Urban,PostGraduate,Informal,6.5,Owned,0.83,580.0,Rejected,
30,1,50775,11040,1.0,False,0.4,9297,Semi-Urban,Graduate,Informal,6.3,Pg,0.71,717.5,Approved,
39,4,87914,5978,0.2,False,0.29,26059,Urban,Diploma,Salaried,9.3,Rented,0.67,572.5,Rejected,
53,1,52978,28211,0.7,False,0.11,25178,Rural,12th,Salaried,6.6,Pg,0.88,662.5,Review,
32,6,37644,14566,1.0,True,0.84,20544,Semi-Urban,PhD,Salaried,6.4,Pg,0.43,562.5,Rejected,
46,5,39646,13933,1.0,True,0.78,16314,Semi-Urban,Graduate,Gig,7.1,Rented,0.52,580.0,Rejected,
38,5,64038,18406,0.4,False,0.29,25716,Rural,Diploma,Informal,5.5,Owned,0.6,580.0,Rejected,
40,5,15032,26180,0.2,False,0.84,25001,Urban,Graduate,Gig,5.4,Pg,0.86,512.5,Rejected,
33,6,28736,16887,0.7,False,0.04,12963,Rural,12th,Informal,9.6,Rented,0.58,582.5,Rejected,
22,2,56702,1089,1.0,True,0.01,30999,Urban,PhD,Informal,6.3,Pg,0.44,542.5,Rejected,
42,6,55888,20602,0.7,False,0.27,7543,Urban,Graduate,Gig,8.6,Rented,0.76,662.5,Review,
54,3,44131,28219,1.0,True,0.3,31658,Urban,Graduate,Gig,8.5,Rented,0.62,605.0,Review,
35,2,61629,8585,0.2,True,0.19,8548,Semi-Urban,12th,Gig,6.4,Owned,0.7,560.0,Rejected,
46,6,69218,15156,0.7,True,0.49,5355,Rural,PostGraduate,Gig,9.9,Owned,0.38,605.0,Review,
25,1,20086,5757,0.7,True,0.89,23674,Urban,PostGraduate,Gig,8.9,Pg,0.7,545.0,Rejected,
26,6,76515,10292,1.0,True,0.28,7483,Semi-Urban,Diploma,Salaried,8.5,Owned,0.74,707.5,Approved,
39,5,58225,22269,0.4,True,0.66,6861,Urban,12th,Salaried,9.4,Rented,0.37,555.0,Rejected,
50,2,19029,13058,0.2,True,0.58,23207,Urban,12th,Gig,9.7,Pg,0.33,435.0,Rejected,
26,2,39713,22339,0.4,True,0.87,7861,Semi-Urban,Graduate,Informal,9.2,Pg,0.38,517.5,Rejected,
57,2,50242,18916,1.0,True,0.02,10639,Semi-Urban,PostGraduate,Salaried,7.5,Rented,0.89,717.5,Approved,
30,1,34507,24158,1.0,True,0.13,20888,Semi-Urban,PhD,Salaried,9.3,Rented,0.34,625.0,Review,
31,3,91194,9737,0.2,False,0.86,25450,Rural,PhD,Gig,9.6,Pg,0.64,560.0,Rejected,
57,2,91975,11142,0.4,False,0.7,19653,Semi-Urban,Diploma,Gig,6.8,Owned,0.81,642.5,Review,
49,2,38571,901,0.4,True,0.93,23155,Rural,12th,Salaried,8.8,Pg,0.52,425.0,Rejected,
53,4,49514,5331,1.0,False,0.9,28977,Rural,PhD,Informal,9.6,Rented,0.27,612.5,Review,
46,6,55340,25175,0.2,True,0.62,8999,Semi-Urban,PostGraduate,Informal,9.3,Pg,0.25,495.0,Rejected,
56,2,94229,18872,0.4,False,0.92,29074,Urban,12th,Gig,7.1,Pg,0.83,592.5,Rejected,
60,3,29248,24478,0.4,True,0.0,8257,Semi-Urban,PostGraduate,Salaried,7.1,Pg,0.62,577.5,Rejected,
42,1,36039,22680,0.4,False,0.92,11289,Semi-Urban,Diploma,Gig,9.0,Rented,0.58,575.0,Rejected,
46,3,84886,22356,0.7,False,0.77,6432,Urban,Diploma,Salaried,5.7,Owned,0.67,730.0,Approved,
40,1,60761,20463,0.7,True,0.05,19551,Rural,Diploma,Informal,6.1,Pg,0.71,595.0,Rejected,
49,1,52662,18977,0.4,False,0.05,29609,Semi-Urban,Diploma,Informal,5.4,Owned,0.4,552.5,Rejected,
55,3,78566,16834,0.7,False,0.33,7683,Urban,PostGraduate,Informal,5.0,Pg,0.43,647.5,Review,
43,3,78644,13645,0.2,False,0.4,26783,Urban,12th,Salaried,9.2,Pg,0.73,590.0,Rejected,
32,1,48347,18017,1.0,True,0.29,22101,Semi-Urban,Diploma,Gig,7.3,Pg,0.31,610.0,Review,
40,2,82807,27193,1.0,True,0.76,22693,Semi-Urban,Graduate,Gig,6.0,Rented,0.22,590.0,Rejected,
33,3,96345,29809,0.7,True,0.48,33070,Urban,Graduate,Gig,7.3,Rented,0.53,582.5,Rejected,
38,3,25907,4524,1.0,False,0.78,37219,Rural,PostGraduate,Salaried,7.7,Owned,0.7,685.0,Review,
43,3,27956,15984,1.0,False,0.33,28034,Semi-Urban,PhD,Informal,6.4,Owned,0.28,615.0,Review,
23,2,72271,13457,0.4,False,0.22,8172,Semi-Urban,PostGraduate,Salaried,9.3,Owned,0.61,695.0,Review,
32,4,99389,28844,0.7,False,0.28,11211,Urban,PostGraduate,Salaried,7.3,Owned,0.66,730.0,Approved,
34,4,21110,3473,0.2,True,0.7,12058,Urban,Graduate,Informal,6.0,Rented,0.75,465.0,Rejected,
57,1,88600,21413,0.7,True,0.74,11302,Semi-Urban,Diploma,Informal,8.9,Pg,0.43,597.5,Rejected,
47,2,43525,27618,1.0,True,0.38,25763,Semi-Urban,PostGraduate,Informal,8.4,Owned,0.73,630.0,Review,
41,2,52560,21908,1.0,False,0.83,20465,Semi-Urban,PhD,Gig,9.7,Pg,0.37,662.5,Review,
47,6,81905,18571,0.7,True,0.27,24232,Semi-Urban,PhD,Gig,6.7,Owned,0.47,570.0,Rejected,
43,5,65438,4573,1.0,False,0.7,39190,Rural,PhD,Salaried,9.5,Pg,0.44,625.0,Review,
38,5,50874,16873,1.0,False,0.74,5032,Semi-Urban,Diploma,Informal,7.4,Owned,0.5,692.5,Review,
35,1,65216,29944,0.2,False,0.1,23302,Urban,Diploma,Informal,6.6,Owned,0.21,560.0,Rejected,
40,3,72843,19267,1.0,True,0.46,14459,Urban,PhD,Salaried,8.0,Owned,0.26,717.5,Approved,
39,2,38664,6594,0.7,False,0.54,27368,Semi-Urban,Graduate,Informal,6.1,Pg,0.3,567.5,Rejected,
48,3,67989,25010,0.2,True,0.5,33077,Semi-Urban,PostGraduate,Gig,9.3,Rented,0.52,485.0,Rejected,
33,3,23275,10367,0.2,True,0.55,28077,Semi-Urban,Graduate,Salaried,6.0,Owned,0.22,475.0,Rejected,
41,5,98095,28554,0.7,False,0.64,7931,Rural,Diploma,Salaried,5.4,Pg,0.6,687.5,Review,
49,2,24732,7596,0.7,False,0.88,31562,Rural,PostGraduate,Informal,9.9,Pg,0.78,610.0,Review,
47,5,42286,9644,1.0,True,0.69,23272,Urban,PostGraduate,Informal,6.0,Pg,0.47,557.5,Rejected,
38,2,50385,19582,0.4,False,0.3,10893,Semi-Urban,Diploma,Informal,8.3,Owned,0.21,612.5,Review,
45,5,69057,23655,0.7,False,0.04,39158,Semi-Urban,12th,Informal,7.6,Owned,0.73,575.0,Rejected,
31,4,82876,9185,0.2,True,0.51,36115,Urban,12th,Gig,6.6,Pg,0.68,490.0,Rejected,
56,4,74565,6422,0.7,True,0.11,25660,Urban,Diploma,Gig,9.1,Pg,0.58,552.5,Rejected,
24,2,46355,28750,0.4,False,0.9,18973,Rural,12th,Salaried,7.6,Owned,0.84,632.5,Review,
56,4,57104,12305,1.0,False,0.62,35185,Semi-Urban,PostGraduate,Salaried,7.0,Pg,0.33,640.0,Review,
29,5,50336,10177,0.7,False,0.95,16233,Rural,PostGraduate,Informal,8.4,Rented,0.69,622.5,Review,
30,6,69114,28949,0.7,True,0.89,22825,Rural,PostGraduate,Salaried,9.9,Pg,0.74,582.5,Rejected,
60,4,48935,17743,0.4,False,0.81,26707,Semi-Urban,PostGraduate,Gig,7.3,Rented,0.45,525.0,Rejected,
51,1,60576,5186,1.0,True,0.35,12629,Semi-Urban,PostGraduate,Gig,7.9,Pg,0.88,647.5,Review,
47,3,89545,5001,1.0,True,0.57,10185,Rural,PhD,Informal,7.4,Owned,0.77,630.0,Review,
51,3,16727,19588,1.0,True,0.96,30583,Urban,Diploma,Salaried,9.5,Pg,0.84,605.0,Review,
39,4,27330,24234,1.0,False,0.95,23805,Urban,Graduate,Gig,8.2,Owned,0.54,645.0,Review,
31,2,22461,28715,0.2,False,0.1,36322,Rural,Graduate,Informal,9.2,Rented,0.63,522.5,Rejected,
47,6,79060,10792,1.0,True,0.78,14512,Semi-Urban,12th,Salaried,5.8,Owned,0.79,675.0,Review,
34,1,77291,13357,0.7,False,0.62,5595,Urban,Diploma,Gig,9.5,Pg,0.79,687.5,Review,
42,5,70255,21669,0.7,False,0.29,38080,Urban,Diploma,Salaried,9.4,Rented,0.51,612.5,Review,
40,3,22376,23780,0.7,False,0.55,30612,Rural,Graduate,Salaried,9.9,Pg,0.54,610.0,Review,
51,4,87805,4880,0.7,True,0.88,26251,Rural,PhD,Salaried,8.9,Owned,0.88,580.0,Rejected,
21,2,44813,10120,1.0,False,0.52,39494,Rural,PhD,Gig,7.8,Pg,0.42,627.5,Review,
39,3,47753,4379,0.7,False,0.7,18451,Rural,Diploma,Informal,5.7,Rented,0.71,592.5,Rejected,
24,1,71482,27919,0.7,False,0.2,21080,Rural,12th,Informal,5.7,Owned,0.68,637.5,Review,
48,4,48242,25571,0.4,False,0.53,39439,Rural,PhD,Salaried,5.2,Pg,0.59,552.5,Rejected,
37,2,35851,5173,0.7,False,0.82,16473,Semi-Urban,PhD,Informal,9.7,Owned,0.37,632.5,Review,
45,5,66761,915,1.0,False,0.7,6562,Semi-Urban,Diploma,Gig,7.9,Rented,0.81,632.5,Review,
52,4,90387,17681,0.2,True,0.65,13419,Urban,PostGraduate,Gig,5.8,Owned,0.46,527.5,Rejected,
28,3,34979,4008,0.0,False,0.9,10976,Rural,Diploma,Salaried,8.8,Owned,0.83,572.5,Rejected,
53,1,84264,5633,0.4,True,0.93,28482,Rural,PostGraduate,Gig,9.4,Pg,0.68,492.5,Rejected,
52,4,47216,26540,0.2,True,0.1,5261,Rural,PostGraduate,Salaried,9.9,Pg,0.29,567.5,Rejected,
42,6,90370,3443,0.2,True,0.44,36140,Rural,Graduate,Gig,5.4,Pg,0.77,435.0,Rejected,
21,3,74284,3867,1.0,True,0.68,30412,Rural,12th,Informal,6.0,Pg,0.67,565.0,Rejected,
28,4,67438,5006,0.4,False,0.5,17884,Urban,Graduate,Salaried,7.5,Owned,0.41,602.5,Review,
41,6,94703,10588,0.7,False,0.21,16797,Semi-Urban,Graduate,Informal,7.2,Owned,0.71,662.5,Review,
36,1,83723,8648,1.0,True,0.28,12695,Urban,Diploma,Informal,5.2,Owned,0.52,692.5,Review,
27,3,32103,3298,1.0,True,0.88,13234,Semi-Urban,Diploma,Gig,8.8,Owned,0.47,587.5,Rejected,
21,1,48689,5417,0.4,True,0.85,15864,Urban,Diploma,Informal,9.2,Rented,0.77,525.0,Rejected,
22,2,58949,991,1.0,False,0.94,27863,Semi-Urban,Diploma,Salaried,5.9,Owned,0.9,675.0,Review,
23,2,16493,10270,0.7,False,0.12,17150,Rural,12th,Gig,9.8,Pg,0.87,585.0,Rejected,
39,4,73746,28731,0.7,True,0.39,34842,Urban,12th,Gig,7.3,Owned,0.46,585.0,Rejected,
44,6,45764,21926,0.2,True,0.76,25608,Rural,PhD,Salaried,6.7,Owned,0.34,462.5,Rejected,
56,1,99806,9294,1.0,True,0.59,24275,Semi-Urban,PostGraduate,Salaried,7.8,Pg,0.5,652.5,Review,
58,3,80623,22263,1.0,False,0.23,8004,Rural,12th,Salaried,7.0,Rented,0.43,717.5,Approved,
22,2,76124,28033,1.0,False,0.84,22844,Rural,Diploma,Informal,8.8,Owned,0.25,665.0,Review,
24,2,46902,29106,1.0,True,0.29,33607,Semi-Urban,Graduate,Gig,5.1,Pg,0.31,572.5,Rejected,
46,2,61991,8687,0.7,True,0.64,27637,Urban,Graduate,Salaried,5.2,Pg,0.52,615.0,Review,
53,3,33094,20379,0.4,True,0.38,14610,Rural,PhD,Gig,6.8,Rented,0.55,522.5,Rejected,
51,4,67364,20977,0.7,False,0.71,7382,Semi-Urban,Graduate,Informal,5.3,Rented,0.66,660.0,Review,
21,2,23359,25691,1.0,False,0.81,6155,Rural,Diploma,Informal,9.2,Rented,0.45,665.0,Review,
59,3,35125,22008,0.4,False,0.1,25041,Rural,Diploma,Gig,7.1,Owned,0.32,525.0,Rejected,
50,4,17597,8296,0.7,True,0.24,30980,Semi-Urban,Diploma,Salaried,8.0,Owned,0.25,570.0,Rejected,
41,4,85181,4331,0.4,False,0.15,7651,Urban,PhD,Informal,8.4,Owned,0.73,627.5,Review,
24,6,27600,27328,0.4,False,0.57,35427,Rural,PhD,Gig,5.2,Owned,0.33,500.0,Rejected,
45,3,52185,27391,0.2,True,0.42,17701,Urban,12th,Salaried,5.9,Owned,0.61,565.0,Rejected,
54,1,62520,14807,1.0,False,0.65,16799,Rural,Diploma,Informal,7.5,Pg,0.25,650.0,Review,
44,2,23169,6546,0.7,False,0.81,31799,Semi-Urban,Graduate,Informal,9.6,Rented,0.89,597.5,Rejected,
45,5,90249,19377,1.0,False,0.69,29201,Urban,PostGraduate,Gig,7.6,Pg,0.31,640.0,Review,
50,4,28889,769,0.4,True,0.78,33770,Semi-Urban,Diploma,Gig,6.3,Rented,0.54,405.0,Rejected,
46,3,34110,25306,0.7,True,0.86,16583,Rural,PhD,Salaried,7.4,Owned,0.5,582.5,Rejected,
51,3,32838,25842,0.0,True,0.85,26207,Urban,Diploma,Salaried,9.1,Pg,0.3,425.0,Rejected,
46,4,52308,3770,0.7,False,0.08,23559,Urban,Diploma,Gig,9.6,Pg,0.82,607.5,Review,
56,3,70269,25050,0.0,False,0.88,12748,Urban,PostGraduate,Gig,5.0,Pg,0.57,542.5,Rejected,
59,5,54083,13017,1.0,True,0.41,36517,Urban,Graduate,Salaried,5.8,Rented,0.51,617.5,Review,
60,6,25068,13213,0.7,False,0.13,8552,Rural,Diploma,Salaried,8.2,Rented,0.44,635.0,Review,
28,1,85726,13162,0.4,False,0.34,28735,Urban,12th,Informal,7.1,Pg,0.34,562.5,Rejected,
37,3,27192,21266,0.4,True,0.26,8346,Rural,Graduate,Informal,6.7,Rented,0.66,537.5,Rejected,
21,3,45350,14630,0.4,True,0.12,14143,Semi-Urban,Graduate,Informal,8.4,Pg,0.6,537.5,Rejected,
40,5,74447,10996,0.7,False,0.21,21572,Rural,Diploma,Salaried,8.3,Owned,0.24,635.0,Review,
48,3,16217,7688,0.7,True,0.46,9715,Semi-Urban,PhD,Salaried,7.6,Owned,0.87,600.0,Review,
30,3,37447,21280,0.4,True,0.91,22898,Urban,Diploma,Salaried,6.5,Pg,0.31,485.0,Rejected,
35,5,77391,27846,0.4,False,0.37,18983,Rural,Graduate,Informal,9.2,Pg,0.24,572.5,Rejected,
44,5,84316,11960,0.7,False,0.84,24819,Rural,Graduate,Gig,6.1,Owned,0.69,625.0,Review,
31,4,86804,8648,1.0,True,0.09,23389,Urban,Graduate,Salaried,9.4,Pg,0.23,622.5,Review,
54,3,19646,14592,0.2,True,0.4,29511,Urban,12th,Informal,9.2,Owned,0.77,487.5,Rejected,
52,3,84276,9846,1.0,False,0.38,36048,Rural,Diploma,Salaried,6.6,Pg,0.43,692.5,Review,
25,1,15446,26954,1.0,True,0.18,10295,Semi-Urban,12th,Salaried,5.9,Owned,0.49,630.0,Review,
29,4,21000,2720,1.0,False,0.2,6823,Urban,Diploma,Informal,6.1,Owned,0.83,697.5,Review,
38,4,88658,13095,0.7,True,0.68,35126,Rural,Diploma,Gig,5.1,Rented,0.22,532.5,Rejected,
35,3,59318,18767,0.7,False,0.71,37201,Rural,PostGraduate,Salaried,8.9,Pg,0.67,637.5,Review,
32,5,25639,23621,1.0,True,0.45,23039,Semi-Urban,PhD,Informal,7.2,Rented,0.83,577.5,Rejected,
51,3,64237,3244,0.7,False,0.07,5578,Semi-Urban,PostGraduate,Salaried,7.6,Owned,0.77,685.0,Review,
48,2,41722,9017,0.0,True,0.57,12917,Semi-Urban,PhD,Gig,5.3,Rented,0.52,442.5,Rejected,
40,4,81961,9814,0.7,False,0.4,13848,Urban,Graduate,Gig,7.6,Pg,0.7,675.0,Review,
30,1,89008,8420,1.0,True,0.41,23195,Rural,PostGraduate,Salaried,7.6,Pg,0.52,635.0,Review,
26,6,68163,13594,1.0,True,0.7,15774,Semi-Urban,Diploma,Informal,6.8,Rented,0.84,632.5,Review,
56,1,98107,5405,0.7,False,0.89,25572,Urban,PostGraduate,Gig,6.1,Rented,0.42,605.0,Review,
34,5,45210,18324,1.0,True,0.05,18956,Urban,Graduate,Gig,5.1,Pg,0.76,630.0,Review,
40,3,40037,10474,1.0,True,0.69,8488,Semi-Urban,Graduate,Gig,6.5,Rented,0.83,645.0,Review,
43,5,87278,4197,1.0,True,0.03,34227,Rural,Diploma,Salaried,10.0,Pg,0.76,595.0,Rejected,
40,4,99814,9119,0.4,True,0.04,15371,Rural,12th,Informal,8.3,Pg,0.67,532.5,Rejected,
35,3,55787,4691,1.0,True,0.17,20020,Semi-Urban,Diploma,Gig,7.4,Owned,0.27,582.5,Rejected,
41,4,53930,9067,1.0,False,0.2,7170,Rural,PhD,Salaried,8.0,Owned,0.22,742.5,Approved,
27,6,79946,27576,0.0,False,0.88,17608,Urban,12th,Gig,5.1,Pg,0.2,515.0,Rejected,
24,1,46033,28327,0.7,True,0.6,10524,Urban,Graduate,Salaried,7.7,Pg,0.83,667.5,Review,
49,2,26266,28859,0.4,False,0.34,36068,Urban,12th,Informal,5.6,Rented,0.78,555.0,Rejected,
39,6,23169,14843,1.0,True,0.3,14181,Semi-Urban,Diploma,Informal,7.5,Pg,0.31,547.5,Rejected,
46,5,85210,18312,0.7,True,0.49,23554,Semi-Urban,Diploma,Salaried,9.0,Rented,0.59,595.0,Rejected,
43,2,29624,13599,0.7,True,0.09,33583,Rural,Diploma,Informal,7.6,Pg,0.81,557.5,Rejected,
48,6,96919,17788,0.4,False,0.58,16277,Urban,PhD,Gig,5.8,Rented,0.69,605.0,Review,
34,2,50558,12841,0.4,True,0.36,18673,Urban,Graduate,Gig,5.8,Pg,0.49,550.0,Rejected,
37,4,45892,10068,1.0,False,0.74,6010,Rural,Diploma,Salaried,8.1,Rented,0.86,745.0,Approved,
56,3,40912,28879,0.7,False,0.55,25185,Urban,PostGraduate,Salaried,6.0,Pg,0.3,610.0,Review,
34,3,79185,20848,0.0,False,0.32,6354,Rural,PostGraduate,Gig,8.7,Owned,0.52,567.5,Rejected,
46,5,67397,21496,0.4,False,0.35,8513,Semi-Urban,Graduate,Informal,6.0,Pg,0.61,602.5,Review,
35,5,52531,1863,0.7,False,0.09,35702,Urban,Graduate,Salaried,9.4,Pg,0.45,552.5,Rejected,
22,5,97375,20810,1.0,True,0.39,39234,Semi-Urban,PhD,Informal,7.1,Pg,0.65,615.0,Review,
30,3,79465,28600,0.7,True,0.01,39313,Urban,PhD,Salaried,8.2,Owned,0.39,635.0,Review,
43,1,28307,5023,0.4,True,0.46,38582,Urban,12th,Salaried,8.7,Pg,0.53,540.0,Rejected,
23,6,25397,18618,1.0,False,0.61,28865,Rural,Graduate,Gig,6.7,Pg,0.31,587.5,Rejected,
34,5,87055,18514,0.7,False,0.68,20790,Rural,12th,Informal,6.1,Owned,0.51,635.0,Review,
27,5,68883,26063,0.4,True,0.02,29798,Urban,PostGraduate,Informal,6.9,Rented,0.66,540.0,Rejected,
60,4,76252,7898,0.2,False,0.52,16473,Semi-Urban,Diploma,Gig,7.8,Rented,0.35,555.0,Rejected,
48,3,82425,2478,0.7,False,0.5,22558,Rural,Graduate,Gig,6.1,Pg,0.32,532.5,Rejected,
32,1,47888,23674,0.4,False,0.31,13832,Urban,Diploma,Informal,6.7,Pg,0.59,590.0,Rejected,
41,5,50593,4291,1.0,True,0.69,5406,Rural,PostGraduate,Informal,5.7,Owned,0.23,575.0,Rejected,
43,1,46172,11870,0.4,True,0.62,31191,Urban,Graduate,Informal,6.6,Rented,0.86,507.5,Rejected,
50,5,32226,5557,0.7,True,0.25,36038,Urban,Graduate,Salaried,9.8,Pg,0.58,572.5,Rejected,
51,6,51750,24473,0.4,True,0.56,15429,Urban,Graduate,Informal,5.2,Pg,0.45,505.0,Rejected,
59,3,41730,19023,0.7,False,0.39,35058,Rural,Graduate,Informal,8.5,Pg,0.51,570.0,Rejected,
28,1,82985,13797,1.0,False,0.63,30368,Urban,PhD,Salaried,6.1,Owned,0.55,735.0,Approved,
47,2,62026,5715,1.0,True,0.03,27736,Rural,Diploma,Gig,6.3,Owned,0.77,625.0,Review,
27,4,61772,14380,0.4,False,0.85,26981,Urban,Graduate,Gig,5.3,Pg,0.31,562.5,Rejected,
60,3,74824,1522,0.0,True,0.2,10636,Urban,Diploma,Gig,5.3,Rented,0.28,440.0,Rejected,
26,4,53837,644,1.0,False,0.92,8605,Semi-Urban,PhD,Informal,7.4,Pg,0.71,645.0,Review,
48,1,81228,22983,0.2,False,0.19,29953,Urban,PostGraduate,Salaried,6.7,Rented,0.3,585.0,Rejected,
39,3,44510,26474,1.0,False,0.74,39716,Urban,PhD,Informal,6.8,Pg,0.21,615.0,Review,
51,1,54536,17652,1.0,True,0.56,20805,Semi-Urban,Diploma,Salaried,5.9,Pg,0.53,645.0,Review,
41,1,38627,11803,0.4,False,0.16,22719,Urban,Diploma,Salaried,7.4,Rented,0.86,607.5,Review,
29,4,54387,8564,1.0,False,0.93,34395,Semi-Urban,Diploma,Gig,7.9,Pg,0.31,600.0,Review,
27,1,64630,7852,0.7,True,0.39,19987,Rural,Diploma,Informal,9.3,Owned,0.44,595.0,Rejected,
60,3,50881,625,0.4,True,0.22,9582,Semi-Urban,PostGraduate,Salaried,7.9,Pg,0.37,525.0,Rejected,
45,4,80724,1905,0.4,True,0.33,19258,Semi-Urban,PhD,Gig,9.7,Rented,0.28,497.5,Rejected,
49,2,76517,26983,0.2,True,0.06,10697,Semi-Urban,Diploma,Salaried,9.6,Pg,0.72,597.5,Rejected,
43,3,67053,5626,1.0,False,0.31,22734,Semi-Urban,12th,Gig,8.8,Rented,0.27,595.0,Rejected,
21,5,86405,8172,0.7,False,0.9,27244,Semi-Urban,PostGraduate,Gig,6.1,Owned,0.67,595.0,Rejected,
44,1,81206,29261,1.0,False,0.55,30600,Urban,12th,Informal,6.1,Owned,0.35,667.5,Review,
32,6,35920,8751,1.0,False,0.95,28342,Urban,Diploma,Salaried,8.4,Pg,0.22,642.5,Review,
55,1,52546,28785,1.0,False,0.83,39779,Urban,12th,Salaried,9.7,Owned,0.31,670.0,Review,
51,3,64756,22734,0.7,True,0.19,16730,Rural,PhD,Informal,5.3,Owned,0.21,555.0,Rejected,
37,2,83586,5836,1.0,True,0.27,33028,Semi-Urban,12th,Salaried,8.2,Pg,0.58,622.5,Review,
38,2,29080,28783,0.7,True,0.5,26170,Rural,Diploma,Gig,5.6,Pg,0.42,522.5,Rejected,
49,2,49009,9250,1.0,False,0.49,11842,Urban,PostGraduate,Informal,9.4,Rented,0.39,715.0,Approved,
30,5,73562,18418,1.0,False,0.64,14818,Semi-Urban,PostGraduate,Informal,8.5,Owned,0.75,720.0,Approved,
32,6,32407,7154,1.0,True,0.1,28611,Rural,Graduate,Informal,5.1,Owned,0.46,577.5,Rejected,
28,2,71944,11027,0.2,True,0.21,27343,Urban,Graduate,Informal,8.4,Pg,0.54,520.0,Rejected,
32,4,50257,9149,1.0,True,0.53,34270,Semi-Urban,PhD,Informal,7.0,Pg,0.5,555.0,Rejected,
32,6,24539,4166,1.0,False,0.04,18980,Semi-Urban,12th,Salaried,6.5,Rented,0.22,615.0,Review,
31,4,77958,23018,0.4,True,0.43,37725,Rural,PostGraduate,Informal,10.0,Owned,0.34,535.0,Rejected,
26,4,60930,16369,0.4,False,0.33,25068,Rural,Graduate,Gig,6.5,Rented,0.24,547.5,Rejected,
33,2,88224,5147,1.0,True,0.54,28178,Rural,PhD,Gig,6.4,Pg,0.58,575.0,Rejected,
48,6,55261,27705,0.0,False,0.71,18669,Rural,Diploma,Salaried,9.6,Pg,0.53,530.0,Rejected,
58,4,73244,23521,1.0,False,0.56,39449,Semi-Urban,Graduate,Gig,9.2,Owned,0.68,645.0,Review,
58,1,31641,5947,0.4,False,0.33,22352,Semi-Urban,Graduate,Gig,8.4,Pg,0.89,552.5,Rejected,
36,3,44807,25970,1.0,True,0.85,28656,Semi-Urban,12th,Gig,8.5,Pg,0.35,507.5,Rejected,
23,6,40870,28649,0.4,False,0.26,14699,Rural,Diploma,Gig,9.4,Pg,0.49,550.0,Rejected,
32,1,15308,29363,1.0,True,0.53,27611,Rural,PhD,Informal,8.8,Rented,0.25,565.0,Rejected,
42,5,32635,17729,0.7,False,0.05,9491,Urban,Diploma,Salaried,6.7,Pg,0.39,635.0,Review,
27,2,41252,24397,0.7,False,0.32,39331,Rural,PhD,Gig,5.5,Owned,0.86,600.0,Review,
55,6,55932,5233,1.0,True,0.77,20567,Urban,12th,Salaried,5.9,Rented,0.87,607.5,Review,
48,3,77670,21212,1.0,True,0.18,31655,Rural,Diploma,Gig,7.0,Rented,0.4,612.5,Review,
51,5,36829,18745,1.0,True,0.43,35274,Semi-Urban,PostGraduate,Gig,7.1,Rented,0.54,562.5,Rejected,
51,4,61496,11634,0.7,False,0.21,15183,Semi-Urban,Graduate,Salaried,8.1,Owned,0.81,715.0,Approved,
45,6,41826,15752,0.7,False,0.9,38142,Rural,PostGraduate,Salaried,8.9,Pg,0.71,625.0,Review,
32,6,67171,11722,0.7,False,0.8,28103,Urban,PostGraduate,Salaried,6.4,Owned,0.6,680.0,Review,
45,2,39319,29013,0.7,True,0.29,35481,Semi-Urban,Graduate,Salaried,9.2,Owned,0.59,597.5,Rejected,
29,1,59530,26461,1.0,True,0.15,17566,Semi-Urban,PhD,Informal,7.9,Rented,0.73,640.0,Review,
35,4,21901,6539,0.0,False,0.15,38690,Semi-Urban,12th,Salaried,8.4,Owned,0.36,492.5,Rejected,
33,6,46282,28512,1.0,False,0.56,28783,Semi-Urban,Graduate,Informal,8.3,Rented,0.77,617.5,Review,
34,5,50094,18759,0.0,True,0.78,22530,Urban,PhD,Gig,7.2,Pg,0.36,430.0,Rejected,
39,6,22058,2714,1.0,True,0.39,13314,Rural,Diploma,Gig,9.4,Rented,0.36,547.5,Rejected,
55,4,18933,18704,0.4,True,0.73,12335,Urban,PostGraduate,Informal,6.1,Owned,0.7,510.0,Rejected,
37,2,62850,13871,0.4,False,0.11,27191,Urban,PhD,Gig,7.3,Pg,0.56,590.0,Rejected,
55,3,31756,5518,0.4,True,0.04,30327,Rural,12th,Informal,5.6,Pg,0.4,472.5,Rejected,
21,6,65831,18066,0.7,True,0.49,12534,Semi-Urban,PostGraduate,Informal,9.0,Owned,0.49,620.0,Review,
26,4,26539,19974,0.7,True,0.92,10074,Urban,Graduate,Salaried,8.5,Owned,0.6,612.5,Review,
21,6,70422,20516,0.0,False,0.36,36362,Urban,Diploma,Informal,5.4,Rented,0.29,452.5,Rejected,
55,2,82030,20575,0.0,True,0.23,16741,Urban,PhD,Informal,9.0,Rented,0.32,525.0,Rejected,
55,5,63663,12008,0.7,False,0.45,8967,Semi-Urban,PostGraduate,Salaried,6.3,Owned,0.75,702.5,Approved,
49,2,58411,29471,0.7,False,0.41,15562,Rural,Graduate,Gig,6.3,Rented,0.39,605.0,Review,
25,3,21079,29260,0.7,True,0.82,29306,Rural,PhD,Informal,7.5,Pg,0.67,505.0,Rejected,
41,2,33940,29421,1.0,False,0.37,6413,Urban,PostGraduate,Informal,9.9,Rented,0.58,730.0,Approved,
52,5,62382,11488,0.4,False,0.43,37191,Semi-Urban,Graduate,Salaried,6.0,Owned,0.26,552.5,Rejected,
48,2,83859,20687,0.4,True,0.01,26337,Semi-Urban,Graduate,Gig,9.2,Rented,0.58,535.0,Rejected,
43,5,59375,6313,0.7,False,0.02,33212,Semi-Urban,12th,Informal,8.4,Rented,0.61,560.0,Rejected,
27,2,65190,10397,1.0,True,0.47,38329,Urban,Graduate,Informal,6.1,Owned,0.41,617.5,Review,
23,1,70158,20143,0.7,True,0.07,38402,Urban,PhD,Salaried,7.0,Pg,0.61,612.5,Review,
43,3,95510,15607,0.4,False,0.75,14680,Rural,12th,Informal,7.6,Owned,0.24,587.5,Rejected,
23,5,21780,2207,0.7,False,0.25,25343,Urban,PostGraduate,Informal,9.7,Owned,0.64,615.0,Review,
44,4,64061,11973,1.0,False,0.66,15506,Rural,Diploma,Gig,5.6,Pg,0.7,705.0,Approved,
22,1,58552,15212,0.7,True,0.69,21920,Semi-Urban,PhD,Informal,6.6,Pg,0.59,560.0,Rejected,
51,3,18335,27899,1.0,True,0.51,6969,Semi-Urban,PostGraduate,Informal,7.4,Owned,0.66,622.5,Review,
60,5,51484,17782,0.7,True,0.42,33018,Semi-Urban,12th,Gig,8.7,Pg,0.2,490.0,Rejected,
58,4,79659,17181,0.7,False,0.15,19549,Semi-Urban,Graduate,Gig,9.3,Rented,0.77,660.0,Review,
29,6,93062,17471,1.0,True,0.41,39881,Semi-Urban,PostGraduate,Gig,6.8,Pg,0.3,585.0,Rejected,
36,3,85349,12720,0.0,True,0.2,14182,Rural,PostGraduate,Salaried,9.8,Pg,0.34,537.5,Rejected,
39,5,29127,21322,1.0,True,0.98,5264,Rural,Diploma,Gig,5.3,Owned,0.62,627.5,Review,
49,5,24280,1231,0.4,True,0.93,39901,Semi-Urban,PhD,Salaried,8.5,Pg,0.26,440.0,Rejected,
57,3,20523,4847,1.0,True,0.77,6637,Urban,PostGraduate,Gig,8.5,Owned,0.75,650.0,Review,
44,6,74965,6960,1.0,False,0.95,5291,Semi-Urban,PhD,Salaried,6.2,Rented,0.36,672.5,Review,
42,3,49982,17211,1.0,True,0.43,8611,Rural,Diploma,Informal,9.9,Rented,0.28,635.0,Review,
24,4,21640,15136,0.0,True,0.63,33673,Rural,Diploma,Salaried,8.9,Owned,0.57,460.0,Rejected,
43,5,89596,13017,1.0,False,0.48,27507,Urban,Graduate,Salaried,7.5,Pg,0.36,680.0,Review,
33,6,71333,24310,0.7,True,0.17,17495,Semi-Urban,PostGraduate,Informal,8.6,Owned,0.3,605.0,Review,
47,6,68163,6286,0.7,True,0.4,18882,Semi-Urban,12th,Salaried,7.3,Owned,0.21,552.5,Rejected,
51,4,74208,4166,1.0,True,0.68,37067,Urban,PhD,Informal,7.4,Owned,0.6,607.5,Review,
37,4,51954,12626,0.7,True,0.38,23455,Semi-Urban,12th,Informal,7.0,Rented,0.78,570.0,Rejected,
26,6,78978,14521,0.7,False,0.69,34451,Rural,PostGraduate,Gig,9.6,Pg,0.85,622.5,Review,
55,1,50276,29040,0.2,True,0.41,34709,Semi-Urban,Diploma,Informal,7.7,Owned,0.85,497.5,Rejected,
59,3,84916,14344,1.0,False,0.89,33074,Rural,12th,Gig,6.1,Pg,0.34,625.0,Review,
58,3,27991,4025,0.7,True,0.48,27529,Rural,Graduate,Salaried,7.8,Pg,0.87,585.0,Rejected,
30,1,65746,18078,0.4,False,0.64,19627,Urban,12th,Informal,9.6,Owned,0.77,607.5,Review,
49,6,63336,26745,1.0,True,0.15,33077,Urban,Graduate,Informal,9.2,Pg,0.47,577.5,Rejected,
23,1,59995,20723,1.0,False,0.3,30283,Urban,12th,Gig,8.2,Rented,0.78,645.0,Review,
50,4,32504,11833,1.0,False,0.66,27448,Urban,PostGraduate,Informal,6.8,Owned,0.47,645.0,Review,
30,1,71788,22737,0.4,False,0.09,31354,Urban,PostGraduate,Salaried,9.1,Pg,0.88,657.5,Review,
29,1,42243,25091,1.0,True,0.0,11215,Urban,Graduate,Salaried,7.3,Owned,0.78,710.0,Approved,
21,3,50946,4681,1.0,False,0.48,15571,Semi-Urban,PostGraduate,Gig,5.2,Rented,0.33,595.0,Rejected,
37,5,24895,28308,1.0,True,0.98,26732,Urban,PostGraduate,Informal,6.6,Pg,0.26,522.5,Rejected,
41,5,17622,27545,0.4,False,0.27,35926,Urban,PhD,Gig,8.8,Owned,0.34,540.0,Rejected,
21,4,33808,24173,0.7,False,0.03,19963,Rural,PhD,Gig,7.3,Owned,0.33,570.0,Rejected,
29,3,92445,9734,0.2,True,0.54,13275,Urban,12th,Gig,5.5,Pg,0.56,512.5,Rejected,
45,4,35342,6647,1.0,True,0.41,6340,Urban,Graduate,Salaried,9.1,Rented,0.62,720.0,Approved,
46,6,38071,11562,0.4,True,0.26,25551,Urban,PhD,Gig,9.2,Rented,0.77,515.0,Rejected,
52,3,63552,23568,0.7,False,0.2,34564,Semi-Urban,12th,Salaried,8.9,Rented,0.85,612.5,Review,
60,4,98444,5300,0.7,True,0.93,16401,Semi-Urban,PhD,Gig,6.8,Pg,0.44,535.0,Rejected,
59,2,95261,27919,0.7,True,0.74,33456,Semi-Urban,PostGraduate,Informal,8.2,Pg,0.48,572.5,Rejected,
43,6,73169,6300,0.2,False,0.29,12511,Semi-Urban,12th,Informal,5.6,Rented,0.42,515.0,Rejected,
41,3,34989,24929,0.7,False,0.97,8474,Rural,PostGraduate,Informal,8.2,Rented,0.46,657.5,Review,
55,3,18431,9722,1.0,False,0.54,33351,Semi-Urban,12th,Gig,5.2,Pg,0.3,587.5,Rejected,
36,6,61261,28661,0.7,True,0.95,15180,Rural,12th,Gig,7.8,Rented,0.9,555.0,Rejected,
29,4,39829,18688,0.7,True,0.29,24266,Rural,PostGraduate,Gig,6.8,Owned,0.55,545.0,Rejected,
53,1,39344,25881,1.0,True,0.89,20368,Urban,Graduate,Salaried,7.0,Pg,0.8,617.5,Review,
60,2,35498,11406,1.0,True,0.88,18422,Urban,PostGraduate,Salaried,9.6,Pg,0.72,630.0,Review,
22,2,42723,27264,0.7,True,0.05,23620,Semi-Urban,PhD,Salaried,7.4,Owned,0.57,597.5,Rejected,
30,2,67950,10712,0.7,False,0.3,31487,Urban,Diploma,Salaried,7.3,Pg,0.73,690.0,Review,
50,2,16424,12613,0.0,True,0.3,5394,Urban,12th,Informal,9.7,Rented,0.43,477.5,Rejected,
33,4,54000,1916,0.7,True,0.42,31506,Urban,12th,Salaried,7.3,Pg,0.5,512.5,Rejected,
21,1,18566,11701,0.7,True,0.33,15451,Rural,Graduate,Salaried,6.9,Pg,0.29,567.5,Rejected,
42,3,98200,26225,0.4,False,0.45,36584,Rural,12th,Gig,9.2,Pg,0.54,550.0,Rejected,
41,3,72033,608,1.0,False,0.43,10252,Urban,12th,Gig,5.1,Rented,0.39,617.5,Review,
48,2,99226,15102,0.7,False,0.53,30736,Urban,PostGraduate,Gig,5.3,Rented,0.51,622.5,Review,
29,2,19561,28154,0.0,False,0.9,25422,Rural,12th,Informal,6.7,Rented,0.41,465.0,Rejected,
55,2,50831,22354,1.0,True,0.59,30527,Urban,PostGraduate,Salaried,9.5,Rented,0.42,635.0,Review,
48,5,32614,22555,1.0,True,0.36,30892,Urban,12th,Gig,9.6,Rented,0.46,565.0,Rejected,
29,1,81098,9120,0.4,True,0.74,5373,Rural,Diploma,Salaried,5.4,Owned,0.35,592.5,Rejected,
51,3,47917,3506,1.0,False,0.31,36381,Semi-Urban,Diploma,Salaried,6.1,Pg,0.68,640.0,Review,
48,1,39266,26670,1.0,False,0.74,24561,Rural,PhD,Salaried,8.0,Rented,0.41,680.0,Review,
39,3,19377,23560,0.7,True,0.44,31969,Semi-Urban,PostGraduate,Gig,6.9,Rented,0.87,545.0,Rejected,
42,6,40765,26139,0.7,True,0.32,38773,Semi-Urban,Graduate,Salaried,9.5,Pg,0.62,572.5,Rejected,
24,5,77068,15846,0.4,False,0.49,33734,Semi-Urban,Diploma,Gig,7.5,Owned,0.76,580.0,Rejected,
58,2,84257,29787,0.4,True,0.71,7873,Urban,Graduate,Salaried,8.0,Owned,0.41,622.5,Review,
38,1,37636,22168,1.0,True,0.32,38594,Rural,Diploma,Informal,7.6,Rented,0.5,587.5,Rejected,
45,5,50413,10409,1.0,True,0.97,28691,Urban,12th,Informal,8.2,Owned,0.22,525.0,Rejected,
28,3,18909,21811,1.0,True,0.77,26568,Urban,Graduate,Salaried,5.5,Owned,0.52,625.0,Review,
38,5,16021,14987,0.7,True,0.89,20620,Rural,Graduate,Salaried,5.7,Pg,0.63,532.5,Rejected,
58,5,92108,28800,1.0,True,0.3,34389,Semi-Urban,Diploma,Informal,7.4,Rented,0.67,615.0,Review,
42,2,82418,25715,0.2,False,0.37,9520,Semi-Urban,Graduate,Gig,5.2,Pg,0.32,567.5,Rejected,
48,6,70754,16175,1.0,True,0.04,21574,Rural,Diploma,Gig,8.8,Pg,0.31,585.0,Rejected,
45,2,75405,8390,0.4,True,0.26,31059,Urban,Graduate,Gig,8.7,Pg,0.58,550.0,Rejected,
43,5,47651,3814,0.4,True,0.56,25119,Semi-Urban,Graduate,Gig,5.9,Rented,0.67,437.5,Rejected,
29,2,69996,4430,1.0,False,0.08,13819,Urban,12th,Informal,5.5,Rented,0.7,690.0,Review,
50,6,27612,28227,1.0,False,0.38,34039,Urban,PhD,Informal,7.4,Rented,0.23,602.5,Review,
59,1,17384,6768,1.0,False,0.59,32106,Rural,Graduate,Gig,9.5,Owned,0.81,657.5,Review,
34,2,28984,22246,0.2,False,0.09,24909,Urban,Diploma,Informal,6.1,Pg,0.8,537.5,Rejected,
59,6,40798,4177,0.7,False,0.02,7535,Semi-Urban,Diploma,Salaried,6.2,Pg,0.76,687.5,Review,
53,6,36592,22251,0.7,True,0.39,13503,Rural,12th,Salaried,10.0,Pg,0.79,597.5,Rejected,
34,1,89290,16869,0.2,False,0.13,26470,Rural,12th,Gig,8.6,Owned,0.2,532.5,Rejected,
26,5,75743,27170,1.0,True,0.05,35518,Urban,Graduate,Gig,8.8,Owned,0.89,645.0,Review,
37,2,23166,12033,0.7,True,0.26,33676,Rural,PhD,Informal,9.0,Rented,0.68,570.0,Rejected,
45,1,54974,12840,1.0,True,0.55,6887,Rural,PostGraduate,Informal,5.4,Rented,0.74,645.0,Review,
34,4,29610,28412,0.4,True,0.51,36664,Semi-Urban,PostGraduate,Salaried,6.2,Pg,0.7,520.0,Rejected,
29,3,37774,19999,1.0,True,0.31,12665,Urban,Diploma,Salaried,8.4,Pg,0.54,667.5,Review,
31,4,81223,12830,0.4,True,0.24,30810,Semi-Urban,PostGraduate,Salaried,6.1,Pg,0.61,577.5,Rejected,
23,6,33946,3788,0.7,True,0.73,6710,Rural,Graduate,Gig,6.7,Owned,0.44,587.5,Rejected,
35,4,46746,754,1.0,True,0.07,35060,Urban,PhD,Informal,7.6,Owned,0.3,530.0,Rejected,
59,1,44344,8611,0.4,True,0.89,34639,Urban,Graduate,Gig,8.1,Owned,0.57,487.5,Rejected,
51,3,30863,19453,1.0,False,0.24,18196,Semi-Urban,PostGraduate,Gig,8.2,Rented,0.51,627.5,Review,
29,4,55393,26238,1.0,True,0.5,25093,Rural,PostGraduate,Informal,8.5,Pg,0.58,605.0,Review,
55,2,69176,24787,0.0,False,0.09,29789,Rural,12th,Gig,6.6,Pg,0.45,502.5,Rejected,
35,4,34968,16431,1.0,True,0.4,20060,Rural,Diploma,Gig,7.9,Rented,0.36,560.0,Rejected,
38,4,91481,29669,0.4,False,0.63,19288,Semi-Urban,Graduate,Salaried,8.5,Pg,0.7,655.0,Review,
53,4,40464,4823,0.0,True,0.9,10565,Urban,12th,Informal,5.5,Rented,0.5,425.0,Rejected,
26,4,34087,13716,1.0,True,0.19,30355,Semi-Urban,PostGraduate,Gig,8.8,Rented,0.71,602.5,Review,
55,2,61125,20214,1.0,True,0.16,15933,Semi-Urban,12th,Informal,9.7,Pg,0.75,627.5,Review,
34,6,47036,16397,1.0,False,0.57,36347,Urban,Graduate,Informal,9.5,Owned,0.75,647.5,Review,
42,5,84523,20719,0.4,True,0.54,20756,Semi-Urban,PostGraduate,Salaried,7.3,Rented,0.33,552.5,Rejected,
46,3,52388,754,1.0,True,0.3,10284,Urban,Diploma,Salaried,9.1,Rented,0.34,630.0,Review,
47,2,89036,24618,0.7,False,0.64,29283,Urban,PostGraduate,Gig,9.3,Pg,0.77,662.5,Review,
58,6,70837,22611,0.2,False,0.63,6787,Semi-Urban,PostGraduate,Salaried,7.4,Pg,0.76,612.5,Review,
44,2,17764,1246,1.0,False,0.85,10127,Semi-Urban,Diploma,Gig,7.7,Rented,0.73,612.5,Review,
24,2,30899,19802,0.2,False,0.14,16943,Rural,PhD,Gig,8.3,Rented,0.67,535.0,Rejected,
45,1,18623,25325,1.0,True,0.2,8128,Urban,PostGraduate,Informal,7.6,Owned,0.41,655.0,Review,
45,3,80000,6000,91.0,False,0.0,7000,Semi-urban,Diploma,Full-time,7.0,Rented,0.5,654.2,,
33,3,55000,5000,0.7,False,0.0,9000,Urban,Graduate,Salaried,7.0,Owned,0.6,666.66,,660.0
41,5,25000,2000,0.2,True,0.9,15000,Rural,Diploma,Gig,5.5,Rented,0.3,472.58,,450.0
29,1,75000,15000,0.7,True,0.3,10000,Semi-Urban,PostGraduate,Salaried,8.5,Owned,0.7,642.3,,720.0
35,4,30000,1500,0.4,True,0.8,12000,Rural,12th,Informal,6.0,Pg,0.4,513.13,,490.0
35,4,30000,1500,0.4,True,0.8,12000,Rural,12th,Informal,6.0,Pg,0.4,506.93,,490.0
25,2,45000,8000,1.0,False,0.0,8000,Urban,Graduate,Salaried,7.8,Rented,0.65,716.35,,680.0
33,3,55000,5000,0.7,False,0.0,9000,Urban,Graduate,Salaried,7.0,Owned,0.6,665.74,,660.0
33,3,55000,5000,0.7,False,0.0,9000,Urban,Graduate,Salaried,7.0,Owned,0.6,667.45,,660.0
